PDS,ANZ_S,RTS_E25100.0,RTS_E25100.1,RTS_E25100.3,RTS_E25100.3.MW_A_PR,RTS_E25100.3.MW_M_PR,RTS_E25100.3.MW_A_PW,RTS_E25100.3.MW_M_PW,RTS_E25100.4,RTS_E25100.4.MW_A_PR,RTS_E25100.4.MW_M_PR,RTS_E25100.4.MW_A_PW,RTS_E25100.4.MW_M_PW,RTS_E25100.9,RTS_E25090.0,RTS_E25090.1,RTS_E25090.3,RTS_E25090.3.MW_A_PR,RTS_E25090.3.MW_M_PR,RTS_E25090.3.MW_A_PW,RTS_E25090.3.MW_M_PW,RTS_E25090.4,RTS_E25090.4.MW_A_PR,RTS_E25090.4.MW_M_PR,RTS_E25090.4.MW_A_PW,RTS_E25090.4.MW_M_PW,RTS_E25090.9,RTS_E25080.0,RTS_E25080.1,RTS_E25080.3,RTS_E25080.3.MW_A_PR,RTS_E25080.3.MW_M_PR,RTS_E25080.3.MW_A_PW,RTS_E25080.3.MW_M_PW,RTS_E25080.4,RTS_E25080.4.MW_A_PR,RTS_E25080.4.MW_M_PR,RTS_E25080.4.MW_A_PW,RTS_E25080.4.MW_M_PW,RTS_E25080.9,RTS_E25070.0,RTS_E25070.1,RTS_E25070.3,RTS_E25070.3.MW_A_PR,RTS_E25070.3.MW_M_PR,RTS_E25070.3.MW_A_PW,RTS_E25070.3.MW_M_PW,RTS_E25070.4,RTS_E25070.4.MW_A_PR,RTS_E25070.4.MW_M_PR,RTS_E25070.4.MW_A_PW,RTS_E25070.4.MW_M_PW,RTS_E25070.9,RTS_E25060.0,RTS_E25060.1,RTS_E25060.3,RTS_E25060.3.MW_A_PR,RTS_E25060.3.MW_M_PR,RTS_E25060.3.MW_A_PW,RTS_E25060.3.MW_M_PW,RTS_E25060.4,RTS_E25060.4.MW_A_PR,RTS_E25060.4.MW_M_PR,RTS_E25060.4.MW_A_PW,RTS_E25060.4.MW_M_PW,RTS_E25060.9,RTS_E25050.0,RTS_E25050.1,RTS_E25050.3,RTS_E25050.3.MW_A_PR,RTS_E25050.3.MW_M_PR,RTS_E25050.3.MW_A_PW,RTS_E25050.3.MW_M_PW,RTS_E25050.4,RTS_E25050.4.MW_A_PR,RTS_E25050.4.MW_M_PR,RTS_E25050.4.MW_A_PW,RTS_E25050.4.MW_M_PW,RTS_E25050.9,RTS_E25040.0,RTS_E25040.1,RTS_E25040.3,RTS_E25040.3.MW_A_PR,RTS_E25040.3.MW_M_PR,RTS_E25040.3.MW_A_PW,RTS_E25040.3.MW_M_PW,RTS_E25040.4,RTS_E25040.4.MW_A_PR,RTS_E25040.4.MW_M_PR,RTS_E25040.4.MW_A_PW,RTS_E25040.4.MW_M_PW,RTS_E25040.9,RTS_E25030.0,RTS_E25030.1,RTS_E25030.3,RTS_E25030.3.MW_A_PR,RTS_E25030.3.MW_M_PR,RTS_E25030.3.MW_A_PW,RTS_E25030.3.MW_M_PW,RTS_E25030.4,RTS_E25030.4.MW_A_PR,RTS_E25030.4.MW_M_PR,RTS_E25030.4.MW_A_PW,RTS_E25030.4.MW_M_PW,RTS_E25030.9,RTS_E25020.0,RTS_E25020.1,RTS_E25020.3,RTS_E25020.3.MW_A_PR,RTS_E25020.3.MW_M_PR,RTS_E25020.3.MW_A_PW,RTS_E25020.3.MW_M_PW,RTS_E25020.4,RTS_E25020.4.MW_A_PR,RTS_E25020.4.MW_M_PR,RTS_E25020.4.MW_A_PW,RTS_E25020.4.MW_M_PW,RTS_E25020.9,RTS_E25010.0,RTS_E25010.1,RTS_E25010.3,RTS_E25010.3.MW_A_PR,RTS_E25010.3.MW_M_PR,RTS_E25010.3.MW_A_PW,RTS_E25010.3.MW_M_PW,RTS_E25010.4,RTS_E25010.4.MW_A_PR,RTS_E25010.4.MW_M_PR,RTS_E25010.4.MW_A_PW,RTS_E25010.4.MW_M_PW,RTS_E25010.9
1666436,129,124,,,,,,,5,"2,8",42,",582924","8,743863",,103,1,6,2,30,",520368","7,805506",19,"3,736842","79,210526","1,02481","21,588377",,116,,1,1,120,",259259","31,111111",12,2,240,",614661","73,759259",,52,29,24,"2,541667","151,666667",",763787","45,61114",24,"4,875","284,583333","1,438224","83,922478",,39,31,18,2,"96,666667",",617797","29,858747",41,"3,292683","175,243902",",891543","47,588578",,,1,1,4,165,"1,037037","42,777778",127,"7,409449","534,685039","2,19451","159,950612",,,,,,,,,129,"23,589147","632,015504","7,02101","187,640415",,1,1,1,5,300,"1,296296","77,777778",126,"7,357143","521,904762","2,200974","155,928204",,50,50,17,"2,941176",180,",798675","50,332682",12,"4,416667",275,"1,228241","77,421296",,,23,54,"55,703704","871,203704","15,755713","250,230068",52,"66,807692","1621,634615","19,68303","479,133903",
1666437,43,,,,,,,,43,"2,395349","35,930233",",724152","10,862272",,,,,,,,,43,"14,395349",255,"4,4156","78,164494",,42,,,,,,,1,3,180,",777778","46,666667",,1,31,11,4,120,"1,48984","44,695187",,,,,,,5,19,5,"2,4",93,",76817","28,761765",14,"7,5","312,857143","2,270207","94,255719",,5,18,8,"25,875","153,125","6,825499","41,379897",12,"17,083333","325,416667","5,700082","114,088371",,,,,,,,,43,"23,697674","536,395349","7,101386","164,174001",,5,3,1,5,300,"1,75",105,34,"8,882353","532,941176","2,731104","163,866257",,20,13,8,"4,125","161,25","1,225712","48,511631",2,9,"292,5","2,383191","77,553419",,,,3,"30,333333",885,"9,819826","289,020697",40,"58,9","2027,625","17,678026","610,226001",
1666438,38,38,,,,,,,,,,,,,2,1,12,"1,75","30,416667",",6125","10,645833",23,"2,869565","73,043478",",931079","23,451691",,38,,,,,,,,,,,,,12,,2,2,120,",7",42,24,5,300,"1,606327","96,37963",,23,2,,,,,,13,"2,538462","152,307692",",804701","48,282051",,,2,4,4,"142,5","1,309259","46,472222",32,5,"375,46875","1,645486","123,065104",,,1,3,"7,666667",130,"2,683333","45,5",34,"13,323529","379,852941","4,320479","123,416939",,1,8,12,"4,666667",280,"1,482099","88,925926",17,"6,235294","374,117647","2,011547","120,69281",,32,1,,,,,,5,"6,4",354,"1,94963","107,566667",,1,,6,"23,166667","761,666667","8,108333","266,583333",31,34,"1327,580645","10,929032","424,17951",
1666439,1218,10,,,,,,,1208,"1,008278","15,124172",",276581","4,148723",,1,4,1,3,40,",6",8,1212,"9,485149","186,047855","2,480665","48,731056",,1122,2,6,2,120,",513181","30,79085",88,3,180,",770313","46,218798",,408,34,269,"3,899628","233,977695",",822246","49,33478",507,"3,962525","237,751479","1,21833","73,09981",,354,62,20,2,"101,5",",600032","30,430283",782,"2,445013","141,93734",",648241","37,70203",,,1,2,"23,5",160,"8,225",56,1215,"35,565432","555,09465","9,408378","149,766525",,,1,5,"18,2",157,"5,317407","46,42037",1212,"27,109736","483,80363","7,238178","129,68116",,1,17,74,"6,486486","319,72973","2,201247","108,467292",1126,"12,39254","609,871226","3,321214","163,422847",,983,47,27,"2,703704","173,333333",",781014","50,77773",161,"7,273292","429,130435","1,791492","105,032335",,,36,104,"27,230769","915,576923","7,651946","256,961079",1078,"51,358071","1865,20872","13,296256","482,314312",
1666440,37,36,,,,,,,1,1,15,",25","3,75",,,1,,,,,,36,"3,416667","107,083333","1,02854","32,423178",,35,,,,,,,2,3,180,",833824","50,029412",,12,6,5,"3,8",171,"1,03963","46,783334",14,4,180,"1,411111","63,5",,18,3,,,,,,16,"2,3125","138,75",",701244","42,074642",,1,7,1,2,135,",7","47,25",28,"3,25","294,821429",",94063","85,59345",,,,,,,,,37,"13,162162","337,027027","3,845696","98,572767",,2,1,21,"5,142857","274,285714","1,565142","83,586057",13,"7,076923","364,615385","2,195484","113,046341",,22,7,2,5,120,"1,866667","44,333334",6,"3,666667",290,"1,237963","97,416667",,,1,5,27,876,"8,620065","280,006863",31,"48,387097","1545,967742","13,638214","437,573477",
1666441,178,5,,,,,,,173,"1,277457","22,976879",",38198","6,866825",,48,1,1,1,30,",35","10,5",128,"3,0625","112,5",",85959","31,885657",,166,3,3,2,120,",512346","30,740741",6,"3,166667",190,",867204","52,032229",,112,19,37,"3,972973","183,243243","1,084883","50,080343",10,"4,7",216,"1,438561","66,215533",,42,36,43,2,"99,069767",",630649","31,291266",57,"3,473684","152,807018",",943764","41,299403",,,,37,"4,216216","153,378378","1,259618","45,92332",141,"6,489362","350,035461","1,927983","102,675991",,,,1,7,140,"1,814815","36,296296",177,"13,870056","395,734463","4,098866","117,556671",,2,7,7,"6,857143","334,285714","2,127778","103,583333",162,"11,524691","566,111111","3,427644","168,405418",,151,5,7,"1,285714",120,",455556","42,666667",15,"5,933333",646,"1,58354","172,913726",,,8,27,"26,888889","833,888889","8,272052","256,27218",143,"50,20979","1562,202797","14,345547","446,851394",
1666442,133,14,,,,,,,119,"1,512605","47,521008",",45833","14,851772",,,,,,,,,133,"1,654135","64,736842",",473196","18,547166",,116,5,3,2,120,",603922","36,235294",9,"3,111111","186,666667",",817358","49,04145",,54,30,21,"3,857143","181,428571","1,005452","46,558857",28,"5,678571","309,642857","1,613387","88,482456",,58,16,,,,,,59,"4,084746","242,033898","1,080808","63,969598",,,,,,,,,133,"31,631579","1092,067669","8,670255","298,659762",,,,1,7,155,"2,45","54,25",132,"15,530303","364,848485","4,375427","103,301476",,9,7,14,"4,857143","291,428571","1,320965","79,257914",103,"9,23301","553,980583","2,635985","158,159097",,117,3,1,6,180,"1,5",45,12,"12,75","452,5","3,061704","108,764845",,,10,17,"32,411765","988,235294","8,533101","259,909859",106,"53,150943","1751,037736","14,623775","480,610973",
1666443,33,,,,,,,,33,"2,424242","55,30303",",771382","17,579427",,3,,1,2,35,",7","12,25",29,"2,931034","105,689655",",923419","33,595307",,28,,,,,,,5,3,180,",909085","54,545098",,1,2,6,"3,666667",155,"1,111952","46,718639",24,"6,291667","278,75","2,005997","88,759689",,3,24,4,"3,5","101,25","1,15268","33,629508",2,5,145,"1,575","46,2",,2,2,5,"1,6",138,",546","46,62",24,"4,041667","309,375","1,27724","97,286496",,,2,4,"3,75","156,25","1,214706","52,011029",27,"8,148148","321,851852","2,610322","103,078544",,,4,5,"6,6",279,"2,201111","93,022222",24,"18,875","541,25","5,861157","171,201119",,31,,,,,,,2,"8,5",255,"2,531189","75,935673",,,,2,23,"712,5","8,473684","262,5",31,"48,709677","1656,290323","15,256133","518,089033",
1666444,176,,,,,,,,176,"2,289773","49,517045",",722787","15,644607",,3,,,,,,,173,"8,710983","207,514451","2,75542","65,443496",,176,,,,,,,,,,,,,64,62,35,"3,6",144,"1,166158","46,198032",15,"5,533333",268,"1,851162","89,136383",,143,6,9,2,"93,333333",",665628","31,11994",18,"3,111111","155,833333",",875085","43,897422",,2,,1,10,165,"3,5","57,75",173,"19,439306","511,878613","5,993858","159,803676",,,1,5,"12,4",157,"4,34","54,95",170,"20,029412","373,588235","6,248744","117,088854",,,7,36,"5,055556","287,638889","1,620705","92,328911",133,"10,691729","568,496241","3,353473","178,427052",,89,67,8,3,165,",871855","47,061275",12,"5,833333",275,"1,653159","79,891885",,,4,,,,,,172,"39,97093","1517,47093","12,307201","466,201476",
1666445,288,14,,,,,,,274,"1,656934","28,065693",",456367","7,657793",,22,2,3,1,30,",325893","9,776803",261,"2,030651","97,279693",",550769","26,466521",,283,3,2,2,120,",518519","31,111111",,,,,,,32,54,107,"5,953271","183,925234","1,62644","50,004569",95,"8,473684","264,736842","2,304869","72,344002",,48,124,,,,,,116,"2,034483","122,068966",",551455","33,087274",,,,,,,,,288,"25,420139","858,645833","6,870953","232,368614",,,,1,9,175,"3,15","61,25",287,"29,404181","575,766551","8,091159","159,090995",,7,6,14,"6,357143","305,714286","2,03804","99,505446",261,"13,222222","610,91954","3,6007","167,142431",,8,121,16,"3,4375","138,75","1,151492","46,589364",143,"18,202797","595,804196","4,819962","158,217071",,,2,13,"28,384615","971,538462","7,82787","267,218911",273,"60,974359","2359,487179","16,303284","632,066701",
1666446,278,,,,,,,,278,"1,280576","23,093525",",39212","7,048052",,,,,,,,,278,"4,183453","96,690647","1,236776","28,636341",,274,,2,2,100,",562121","28,106061",2,3,150,"1,05","52,5",,113,32,28,"3,535714","176,785714","1,004738","50,23691",105,"5,733333","286,666667","1,663528","83,176396",,33,74,22,2,"102,272727",",571049","29,361268",149,"2,865772","158,85906",",852078","47,283073",,9,6,2,2,120,",47801","28,680556",261,"48,796935","643,908046","14,618239","193,603656",,,22,31,"8,258065","152,580645","2,70193","49,336302",225,"27,933333","329,933333","8,184948","98,425067",,18,74,26,"6,384615","298,846154","1,855917","87,029406",160,"10,625","493,125","3,243668","150,541381",,1,193,12,"6,833333","173,75","1,947304","49,316449",72,"9,152778","379,166667","2,723034","111,413084",,,6,3,"23,333333","753,333333","8,166667","263,666667",269,"59,364312","1963,085502","17,514469","579,102007",
1666447,619,11,5,,,,,,603,"2,60199","37,205638",",873049","12,478082",,5,21,6,2,"30,833333",",7","10,791667",587,"4,354344","123,279387","1,454038","41,192336",,457,25,,,,,,137,"2,007299","150,547445",",679423","50,956736",,70,138,188,"4,340426","130,212766","1,434222","43,026659",223,"7,147982","214,70852","2,368966","71,153415",,251,122,55,"2,2","97,818182",",749076","33,228296",191,"3,649215","175,078534","1,183677","56,837214",,5,18,230,"2,578261","128,673913",",870747","43,440175",366,"7,262295","417,336066","2,428032","139,496064",,,,,,,,,619,"24,676898","605,783522","8,248835","202,69358",,4,2,39,"5,358974","295,641026","1,848595","101,866742",574,"9,496516","507,996516","3,180054","170,128428",,103,284,94,"4,159574","141,382979","1,40898","47,752823",138,"8,369565","326,956522","2,768166","108,531361",,,88,195,"25,523077","756,769231","8,545933","252,958243",336,"46,285714","1394,627976","15,030201","452,701937",
1666448,25,12,,,,,,,13,1,15,",29183","4,377449",,4,,,,,,,21,"1,571429","72,142857",",491917","22,562656",,21,1,,,,,,3,4,240,"1,4",84,,10,1,,,,,,14,"7,214286","303,214286","2,338184","98,205585",,11,5,,,,,,9,"3,444444","213,333333","1,027467","63,676992",,,,7,"2,714286","132,857143",",842744","41,289713",18,"4,833333","322,222222","1,557346","105,032999",,,,,,,,,25,"7,72","323,4","2,411822","100,939833",,2,11,12,4,"257,5","1,236956","79,641099",,,,,,,23,2,,,,,,,,,,,,,,1,43,1290,"9,40625","282,1875",24,"47,291667","1551,25","14,84005","487,919582",
1666449,118,,,,,,,,118,"1,194915","18,432203",",379704","5,873526",,1,,,,,,,117,"1,34188","72,820513",",428958","23,300945",,107,1,1,2,135,",7","47,25",9,"2,222222",165,",757613","56,237654",,46,14,27,"5,407407","162,222222","1,547737","46,432099",31,"6,032258","180,967742","2,118421","63,552632",,7,28,16,2,110,",622905","34,259747",67,"2,880597","169,850746",",92479","54,537415",,,8,15,"3,8","154,666667","1,257407","51,22963",95,"4,726316","347,684211","1,497521","110,610095",,,2,24,"5,416667","141,875","1,737094","45,449683",92,"7,217391","225,326087","2,315087","72,295465",,,1,6,6,300,"2,1",105,111,"9,954955","486,216216","3,1618","155,08573",,94,3,5,"3,8",152,"1,33","53,2",16,"6,4375","334,0625","1,899373","99,797332",,,5,13,"19,615385","854,615385","6,358884","277,09934",100,"40,19","2006,1","12,550227","626,509405",
1666450,318,2,,,,,,,316,"1,018987","15,332278",",301597","4,536256",,,1,,,,,,317,"4,302839","125,157729","1,268611","36,966074",,269,3,3,2,100,",639506","31,975309",43,3,150,",870258","43,512922",,99,12,42,"5,785714","173,571429","1,670217","50,106516",165,"9,084848","272,545455","2,649895","79,496845",,35,30,14,"2,428571","91,428571",",762821","28,628205",239,"3,301255","170,627615",",959998","49,839666",,,6,5,"4,6",138,"1,450937","42,481917",307,"13,442997","355,488599","3,961156","104,983051",,,1,1,9,150,"3,15","52,5",316,"15,433544","350,632911","4,551525","103,861786",,,,,,,,,318,"18,996855","982,028302","5,638963","291,477154",,183,7,6,"5,833333",175,"1,632503","48,975071",122,"16,459016","542,95082","4,679108","154,392287",,,,21,"29,714286","868,333333","9,204302","268,805138",297,"49,925926","1452,996633","14,366567","418,226839",
1666451,340,,,,,,,,340,"2,132353","63,764706",",682763","20,429498",,,,,,,,,340,"2,173529","107,602941",",700033","34,645963",,336,2,1,2,100,",7",35,1,3,150,"1,05","52,5",,215,6,23,"2,956522","147,826087",",91622","45,256624",96,"4,34375","259,791667","1,38425","82,76332",,213,62,6,2,110,",639506","35,17284",59,"2,694915","160,677966",",828198","49,397469",,,1,3,4,"153,333333","1,309259","50,037037",336,"6,705357","320,982143","2,157014","102,914752",,,1,2,"4,5",150,"1,575","52,5",337,"11,465875","377,002967","3,662599","120,789074",,3,1,8,"6,25","266,25","2,051389","87,402778",328,"12,07622","528,429878","3,895886","170,477945",,252,15,13,"4,076923","158,846154","1,326473","51,459814",60,"7,466667","295,333333","2,338833","92,376431",,,8,11,"23,545455","823,636364","7,054959","246,387358",321,"50,719626","1959,922118","15,939612","616,09521",
1666452,27,,,,,,,,27,1,15,",318432","4,776474",,,,,,,,,27,"4,481481","168,888889","1,397233","53,22715",,23,1,,,,,,3,3,"176,666667",",959259","56,388889",,10,5,8,"2,375","142,5",",729167","43,75",4,"4,25",255,"1,374074","82,444445",,,21,,,,,,6,"2,5",150,",784166","47,04992",,,1,3,3,"131,666667","1,05","46,083333",23,"7,173913","342,391304","2,249401","109,546858",,,,3,5,145,"1,598765","46,666667",24,8,"308,541667","2,544668","98,120092",,5,,11,"4,636364","308,181818","1,503522","99,996115",11,6,"392,727273","1,926614","126,059947",,22,4,1,1,120,",35",42,,,,,,,,,,,,,,27,"62,925926","2343,888889","19,742043","735,793819",
1666453,50,2,,,,,,,48,"2,0625","30,833333",",646315","9,67285",,1,,,,,,,49,"2,77551","77,142857",",865217","23,833896",,49,,,,,,,1,4,240,"1,4",84,,9,6,6,"3,833333","153,333333","1,361111","54,444445",29,"6,655172","266,206897","1,948574","77,942945",,16,8,,,,,,26,"4,346154","254,615385","1,289991","75,669519",,,1,1,4,125,"1,4","43,75",48,"7,1875","387,708333","2,22099","119,672261",,,1,,,,,,49,"22,795918","459,591837","7,101432","143,647013",,3,4,5,"4,6",276,"1,537407","92,244444",38,"10,5",630,"3,150005","189,000285",,1,28,7,"6,571429","182,142857","1,819819","50,285294",14,"7,142857","261,428571","2,329167","86,590278",,,2,3,22,695,"7,463922","233,717647",45,"59,133333","1848,555556","17,635294","551,554895",
1666454,122,9,,,,,,,113,"1,053097","31,19469",",342145","10,124983",,,5,1,2,30,",518519","7,777778",116,"3,336207","126,034483","1,083396","41,010377",,97,19,,,,,,6,"6,166667","211,666667","2,041667","70,083333",,65,13,12,"6,25","204,166667","1,678894","55,042075",32,"6,9375","228,125","2,260198","74,389016",,25,60,2,"1,5","97,5",",47963","30,041667",35,"4,571429","338,142857","1,450854","107,337523",,,2,9,"4,666667","143,333333","1,615657","49,636364",111,"6,099099","351,891892","1,956616","112,912378",,,,,,,,,122,"16,106557","339,098361","5,195145","109,093458",,1,3,16,"6,75","306,5625","2,23206","101,710648",102,"18,647059","705,637255","5,942078","227,127609",,113,1,,,,,,8,"5,5","296,25","1,810156","97,78125",,,2,15,"24,933333",780,"8,50284","266,103704",105,"43,47619","1433,142857","13,718521","452,375409",
1666455,150,33,,,,,,,117,"1,051282","31,794872",",318647","9,63922",,,,,,,,,150,"7,446667","171,7","2,204086","51,251229",,101,19,3,2,110,",579013","31,694444",27,"3,592593","200,555556","1,08262","60,379928",,19,23,40,"5,725","171,75","1,672191","50,165726",68,"7,808824","234,264706","2,381638","71,449151",,,13,5,2,90,",631396","28,41282",132,"2,621212","139,318182",",78164","41,635766",,,2,9,"4,888889","149,444444","1,547634","46,760288",139,"8,942446","465,971223","2,61449","135,233717",,,1,6,"6,833333","159,166667","2,206695","51,210351",143,"26,755245","352,622378","7,841464","104,020123",,6,3,13,"5,538462","297,692308","1,75","93,931624",128,"9,945313","523,789063","2,91657","153,629371",,25,19,27,"5,62963","168,888889","1,643676","49,310281",79,"9,544304","286,329114","2,865813","85,974404",,,,9,"24,222222","841,666667","7,507439","260,518798",141,"47,453901","1767,978723","13,9045","519,007402",
1666456,128,126,,,,,,,2,1,15,",275463","4,131945",,1,36,3,2,30,",518519","7,777778",88,"3,113636","75,511364",",930213","22,4228",,122,4,,,,,,2,4,225,",953405","53,315412",,23,4,10,3,140,"1,074056","50,122601",91,"6,549451","311,758242","2,036903","97,052722",,7,40,36,2,100,",663531","33,176565",45,"3,8","180,666667","1,153248","54,395743",,,,,,,,,128,"26,539063","870,585938","8,482976","278,382551",,,1,3,"7,666667",130,"2,334061","39,549318",124,"17,540323","275,483871","5,665214","88,998653",,2,1,4,5,300,"1,449074","86,944445",121,"9,099174","545,330579","2,965955","177,740358",,110,3,5,"4,6",171,"1,311852","48,222222",10,"6,7",270,"2,233796","90,0125",,,3,3,22,710,"7,7","248,5",122,"56,057377","1892,95082","17,688505","596,734917",
1666457,154,1,,,,,,,153,"1,019608","15,326797",",312545","4,696645",,2,,,,,,,152,"4,078947","194,736842","1,228977","59,032642",,140,2,4,3,135,",913889","41,125",8,"4,375","196,875","1,267797","57,050858",,101,22,12,"4,416667",180,"1,286892","52,255038",19,"6,578947","274,736842","1,961768","82,596629",,96,3,6,2,"92,5",",639506","29,425926",49,"4,367347","227,55102","1,242777","64,843078",,1,6,,,,,,147,"7,55102","432,517007","2,322196","132,990011",,1,24,68,"5,426471","144,264706","1,676032","44,584779",61,"9,47541","291,885246","2,70942","84,982942",,2,4,4,6,"337,5","1,911455","107,21459",144,"19,909722","828,958333","5,922336","248,090401",,84,39,6,"2,833333",160,",908317","51,442495",25,"8,12","446,2","2,471572","135,344129",,,7,13,"27,538462","921,923077","7,750605","257,755259",134,"50,022388","1970,410448","15,115851","595,955253",
1666458,164,1,,,,,,,163,"1,006135","15,368098",",322733","4,937618",,,,,,,,,164,"10,408537","311,128049","3,298223","99,581252",,137,1,9,"2,777778","135,555556",",876144","42,960784",17,"3,882353","197,647059","1,29296","65,651688",,133,8,14,"5,571429","167,142857","1,618682","48,560458",9,"6,777778","203,333333","2,131433","63,942992",,120,13,5,"2,8",92,",72341","25,979303",26,"5,038462","178,076923","1,424269","52,049097",,,1,2,"2,5","127,5",",875","44,625",161,"10,055901","490,217391","3,194117","156,503437",,,,2,"3,5","152,5","1,225","53,375",162,"38,074074","447,283951","12,638426","143,222104",,2,6,13,"9,307692","323,076923","3,191176","109,252262",143,"16,538462","520,174825","5,133944","163,944802",,27,108,2,2,120,",7",42,27,"6,555556","345,740741","2,007848","110,672403",,,,4,"31,5",795,"11,025","278,25",160,"59,59375","1762,8125","18,174951","534,799702",
1666459,438,10,,1,1,10,",35","3,5",427,"1,021077","15,316159",",330388","4,955818",,52,,8,1,30,",320643","9,619281",378,"1,320106","73,373016",",420699","23,351993",,393,7,26,2,100,",670848","33,5424",12,3,150,",813212","40,660612",,77,212,126,"3,753968","148,174603","1,212672","47,895713",23,"5,826087","229,565217","1,932609","75,873591",,177,105,30,2,"100,5",",64117","32,127011",126,"3,174603","200,833333",",962277","60,900377",,,82,50,"4,06",153,"1,368111","51,426667",306,"7,833333","372,5","2,513501","119,753396",,,40,100,"4,44","151,2","1,461457","49,804866",298,"9,362416","261,208054","2,985679","83,702009",,2,14,207,"4,73913","284,347826","1,57152","94,291199",215,"8,144186","498,604651","2,575174","157,715939",,414,23,1,7,210,"1,441176","43,235294",,,,,,,,3,18,"23,777778","852,777778","7,571314","272,227911",417,"43,117506","1514,820144","13,529643","474,983011",
1666460,56,1,,,,,,,55,"1,018182","30,545455",",328053","9,841592",,26,,8,1,40,",338657","13,546296",22,"1,363636","59,318182",",436604","19,043561",,47,4,1,2,135,",518519",35,4,"2,75",195,",954167","67,625",,17,7,7,"3,285714","147,857143","1,046296","47,083333",25,"10,12",348,"3,115839","107,261503",,34,7,2,"2,5",90,",875","31,5",13,"4,846154","221,538462","1,401324","64,651835",,1,5,,,,,,50,"16,7","761,6","5,239022","238,785621",,,,2,10,160,"3,5",56,54,"21,277778","382,407407","6,85744","123,277657",,6,1,21,"4,238095","254,285714","1,325","79,5",28,"7,678571","460,714286","2,47258","148,354809",,43,3,6,3,155,",956591","45,763072",4,"5,5","273,75","1,575","80,71875",,,,7,"24,714286","776,428571","8,207407","256,070106",49,"43,469388","1515,408163","13,60042","474,689309",
1666461,41,,,,,,,,41,"2,04878","60,487805",",68046","20,072337",,,,,,,,,41,"4,146341","234,878049","1,350566","76,477069",,34,3,3,2,110,",7","38,5",1,4,210,"1,4","73,5",,25,,2,"2,5",150,",738889","44,333334",14,4,240,"1,31859","79,115385",,26,8,,,,,,7,"3,857143","231,428571","1,22037","73,222222",,,,,,,,,41,"16,121951","505,97561","5,214242","163,921409",,,,,,,,,41,"15,536585","318,170732","5,065075","104,152335",,2,21,18,4,240,"1,306173","78,37037",,,,,,,34,3,1,4,155,"1,4","54,25",3,5,"343,333333","1,588462","109,935897",,,1,2,38,1090,"9,7","275,75",38,"47,631579","1667,894737","15,607775","547,118777",
1666462,28,,,,,,,,28,"2,857143","97,5",",590394","20,112599",,,,,,,,,28,"2,178571","125,357143",",451956","26,014429",,27,1,,,,,,,,,,,,21,2,,,,,,5,12,360,"2,555781","76,673428",,,21,,,,,,7,3,"171,428571",",63286","36,206897",,,,,,,,,28,"15,714286","790,714286","3,261594","164,193251",,,,,,,,,28,"29,035714","833,928571","6,012347","172,674181",,,1,13,"5,076923","259,615385","1,047649","53,572604",14,"8,357143","469,285714","1,745328","97,967915",,,28,,,,,,,,,,,,,,,,,,,28,"61,392857","2259,642857","12,728994","468,457496",
1666463,35,35,,,,,,,,,,,,,,,,,,,,35,"1,6","77,285714",",51972","24,90805",,34,1,,,,,,,,,,,,28,2,3,"2,666667",160,",777778","46,666667",2,3,180,"1,142647","68,558824",,27,3,,,,,,5,"2,4",144,",694815","41,688889",,,26,3,"3,333333",135,",931808","36,414488",6,4,"212,5","1,420588","76,536765",,,,2,6,155,"2,1","54,25",33,"19,212121","368,030303","6,064576","116,641948",,9,1,1,3,300,"1,05",105,24,"4,75",475,"1,464459","146,379343",,35,,,,,,,,,,,,,,,5,"21,4",786,"7,49","275,1",30,"36,666667",1509,"11,039108","456,711191",
1666464,52,6,,,,,,,46,"1,086957","31,956522",",352799","10,343031",,,1,,,,,,51,"4,156863","163,235294","1,328226","51,867594",,39,12,,,,,,1,6,200,"2,1",70,,31,4,5,"4,8",160,"1,571111","52,733333",12,"7,333333",240,"2,324691","76,135802",,10,19,2,"1,5","97,5",",525","34,125",21,"3,857143",275,"1,204762","85,460317",,,2,8,"4,875","148,125","1,536111","46,739583",42,"6,333333","365,714286","2,052692","118,116013",,,,,,,,,52,"15,807692","321,826923","5,096127","104,077552",,,,6,"8,5","307,5","2,875","102,458333",46,"17,891304","677,717391","5,761871","219,590023",,44,1,1,3,180,",777778","46,666667",6,"6,666667",360,"2,069118","111,588235",,,1,7,"22,142857","722,142857","7,348148","238,75",44,"47,909091","1485,795455","14,848916","460,692452",
1784903,87,53,,,,,,,34,"2,794118","56,470588",",783083","16,134112",,45,2,1,2,30,",518519","7,777778",39,"2,871795","66,153846",",752002","17,628624",,83,,1,1,120,",259259","31,111111",3,2,200,",44735","44,734931",,27,31,15,3,"176,666667",",809448","47,783697",14,5,295,"1,297059","76,527233",,20,16,16,2,"97,5",",540449","26,43911",35,"3,628571","194,571429",",954785","51,182961",,,3,1,4,135,"1,4","47,25",83,"9,626506","557,168675","2,707587","156,641813",,,,,,,,,87,"22,103448","642,011494","6,18312","179,820623",,,1,9,"4,444444",280,"1,330578","84,153776",77,"7,428571","517,987013","2,093363","146,193082",,28,32,10,"2,9",177,",859238","50,470132",17,"4,411765","294,705882","1,181962","76,176471",,,4,6,"55,5",1075,"13,432553","268,873457",77,"84,155844","3134,090909","23,439211","870,140371",
1784904,82,,,,,,,,82,"2,02439","30,365854",",582472","8,737085",,,,,,,,,82,"14,731707","252,621951","4,250601","72,857437",,80,,1,2,120,",411765","24,705882",1,3,180,",617647","37,058824",,8,49,25,4,120,"1,419765","42,592941",,,,,,,12,41,7,"3,285714","100,714286",",968519",30,22,"7,181818","312,272727","1,931676","84,442817",,20,31,12,"24,833333","137,5","6,928894","39,010893",19,"22,052632","413,684211","6,150692","119,605364",,,,,,,,,82,"18,682927","481,280488","5,3941","138,924938",,5,5,2,4,240,"1,4",84,70,"8,285714","496,785714","2,361632","141,585871",,8,42,28,"3,392857","144,642857","1,095997","47,579657",4,11,"367,5","2,889216","97,499592",,,2,1,48,1335,"9,882353","274,852941",79,"71,468354","2413,860759","20,473609","693,150193",
1784905,71,70,,,,,,,1,1,15,",35","5,25",,9,4,14,"1,714286","30,714286",",567593","10,166667",44,"2,840909","76,818182",",939892","25,129851",,63,2,4,2,120,",7",42,2,3,180,",913889","54,833334",,10,4,15,"2,066667",124,",707641","42,45848",42,"4,595238","275,714286","1,467901","88,074074",,35,6,,,,,,30,"2,566667",154,",821244","49,27461",,,17,8,4,"123,75","1,4","43,3125",46,"4,76087","345,108696","1,53574","111,751345",,,1,3,9,"168,333333","3,15","58,916667",67,"14,985075","394,029851","4,895265","128,209533",,2,7,19,"4,684211","279,473684","1,52963","91,296784",43,"6,395349","383,72093","2,085922","125,155345",,56,1,3,4,140,"1,4",49,11,"5,363636","291,818182","1,770034","96,19697",,,4,11,"21,363636","808,636364","6,998822","266,606902",56,"34,928571","1371,160714","11,164524","436,868695",
1784906,1233,17,,,,,,,1216,"1,01398","15,213816",",289874","4,348963",,1,81,34,"2,647059","37,941176",",764724","11,043159",1117,"7,068039","153,021486","1,962722","42,440251",,1146,3,3,2,120,",512346","30,740741",81,3,180,",862534","51,752056",,441,29,222,"3,896396","233,783784",",825222","49,513325",541,"3,970425","237,560074","1,245284","74,484148",,349,88,18,2,"99,444444",",521886","25,89985",778,"2,575835","148,11054",",709752","40,939673",,,2,,,,,,1231,"34,412673","544,455727","9,518912","153,529513",,,1,14,"14,928571","162,5","5,261842","57,289474",1218,"24,013957","444,930213","6,647159","122,993489",,1,5,118,"6,40678","313,898305","2,172133","106,382968",1109,"12,206492","600,37872","3,423132","168,349829",,983,46,31,"2,903226","176,129032",",842582","51,966236",173,"6,751445","406,647399","1,769245","106,234422",,,29,96,"26,15625","861,770833","7,898338","259,995041",1108,"52,212094","1914,372744","14,02348","513,382166",
1784907,94,37,,,,,,,57,"1,052632","16,578947",",2952","4,632681",,,2,,,,,,92,"3,804348","110,054348","1,050274","30,457826",,86,,,,,,,8,3,180,",841182","50,470895",,28,11,20,"5,8",195,"1,441714","48,725777",35,"6,714286","218,571429","1,936769","64,103081",,3,19,47,"2,957447","99,148936",",856358","28,702975",25,"4,64","212,4","1,19403","54,338489",,1,9,8,4,"125,625","1,074401","33,390114",76,"4,618421","305,394737","1,275576","84,24725",,,,2,8,"167,5","2,864474","60,144737",92,"12,293478","307,445652","3,380189","85,136188",,4,13,59,"5,067797","297,966102","1,405464","82,812104",18,"6,944444","361,666667","1,848705","96,249092",,72,8,5,"4,6",224,"1,223551","51,967756",9,"12,333333","392,222222","3,014886","101,87464",,,,1,26,840,"9,1",294,93,"62,612903","2017,419355","16,641428","537,080908",
1784908,157,7,,,,,,,150,"1,286667","24,566667",",371123","7,043452",,43,1,4,1,30,",295833","8,875",109,"2,201835","85,87156",",61662","23,953934",,148,,1,2,120,",7",42,8,3,180,"1,015972","60,958333",,80,33,26,"4,153846","191,538462","1,133115","52,283057",18,"5,5","255,555556","1,670919","77,499267",,37,65,12,"2,5",100,",642619","25,966751",43,"5,302326","241,860465","1,351336","61,447464",,,3,43,"4,302326","154,302326","1,316755","47,208698",111,"6,441441","316,216216","1,811786","88,788641",,,,2,"5,5","157,5","1,925","55,125",155,"14,967742","409,032258","4,238372","117,09433",,2,11,14,"6,071429","298,928571","1,833715","90,138889",130,"11,353846","555,576923","3,261222","159,639125",,127,6,13,"1,461538","138,461538",",461369","43,352397",11,6,720,"1,707098","204,851798",,,13,42,"29,095238","904,880952","8,103163","252,082431",102,"43,27451","1518,235294","12,348216","435,24271",
1784909,105,11,,,,,,,94,"1,468085","45,478723",",429848","13,25768",,1,,,,,,,104,"1,365385","55,961538",",395899","16,308591",,93,3,2,2,120,",555883","33,352941",7,"3,428571","205,714286","1,027124","61,627451",,35,24,10,"3,1","175,5",",812545","46,369355",36,"5,277778","302,5","1,5796","90,198749",,48,19,,,,,,38,"3,473684","204,868421",",947604","56,12481",,,,,,,,,105,"30,514286","1039,857143","8,608548","293,799257",,,,,,,,,105,"16,066667","397,857143","4,586433","113,057209",,6,4,17,"4,823529","289,411765","1,494925","89,695533",78,"9,089744","545,384615","2,634261","158,055652",,87,2,2,"5,5",165,"1,536859","46,105769",14,"11,428571","394,285714","3,025507","102,985793",,,5,7,"29,714286","891,428571","8,650955","259,528658",93,"53,870968","1721,290323","15,035832","479,889234",
1784910,76,1,,,,,,,75,"2,08","45,8",",671362","14,780784",,,,,,,,,76,"7,894737","189,078947","2,544911","60,794568",,76,,,,,,,,,,,,,45,24,5,3,132,"1,05","46,2",2,"5,5",270,"1,561192","75,410628",,60,8,3,"2,666667",90,",933333","31,5",5,"3,4",153,",988759","45,186787",,,,,,,,,76,"17,763158","484,342105","5,538149","151,498873",,,,,,,,,76,"19,815789","454,342105","6,265777","144,183145",,3,6,16,"5,1875","300,625","1,668171","96,59838",51,"10,431373","556,666667","3,376916","180,630329",,67,1,3,"2,666667",120,",933333",42,5,"5,2",306,"1,747407","102,744444",,,1,1,22,780,"7,7",273,74,"38,662162","1457,027027","12,109882","456,163764",
1784911,207,9,,,,,,,198,"1,464646","22,626263",",405416","6,257267",,14,,5,1,30,",321377","9,641296",188,"1,941489","91,542553",",521989","24,717784",,179,15,8,2,120,",543631","32,617867",5,"3,8",228,",917861","55,071658",,28,28,42,"6,833333","207,857143","1,662976","50,812439",109,"9,192661","276,697248","2,473866","75,182107",,4,45,,,,,,158,"2,088608","125,316456",",546459","32,787522",,,,,,,,,207,"24,888889","878,84058","6,686719","236,583505",,,,,,,,,207,"32,478261","594,057971","8,946621","163,709211",,3,38,10,"5,6",270,"1,723464","81,207843",156,"12,807692","600,448718","3,421175","162,104402",,9,100,14,"4,142857",155,"1,182929","44,831233",84,"18,547619","605,714286","4,953725","162,247083",,,,3,"28,666667",975,"7,624256","259,850218",204,"67,367647","2693,455882","17,723746","708,223136",
1784912,314,5,,,,,,,309,"1,142395","19,190939",",327947","5,485614",,,,2,1,30,",35","10,5",312,"4,269231","93,253205","1,177007","25,871935",,310,,2,2,100,",518519","25,925926",2,3,150,",627006","31,350268",,123,18,25,"3,44",172,",997384","49,869194",148,"6,013514","300,675676","1,649752","82,487578",,63,70,16,2,"106,25",",583351","30,948034",165,"3,169697","175,151515",",882291","48,925214",,5,6,7,"9,142857","132,857143","2,932353","43,823529",296,"18,527027","369,847973","5,052081","102,408172",,,16,25,"6,92","148,8","1,927067","42,1367",273,"25,930403","387,637363","7,127601","109,184081",,21,74,57,"6,350877",300,"1,817881","85,861484",162,"10,419753","483,796296","2,967463","137,787185",,3,221,22,"6,545455","173,863636","1,925119","50,481335",68,"9,117647","368,529412","2,506454","100,082636",,,3,9,"31,111111","939,444444","8,711111","265,153595",302,"57,198675","1909,370861","15,569122","520,019317",
1784913,64,,,,,,,,64,"1,640625","64,21875",",493595","19,363123",,,3,,,,,,61,"4,901639","227,295082","1,492216","69,019512",,59,1,2,2,120,",63","37,8",2,3,180,",954545","57,272727",,,7,9,5,"176,666667","1,480606","52,330303",48,"7,5625","265,625","2,255044","79,288868",,2,,3,"1,666667",95,",583333","33,25",59,"9,440678","673,220339","2,845504","202,9264",,,,5,3,130,",966","41,86",59,"4,305085","380,847458","1,303939","115,078417",,,,,,,,,64,"12,140625","359,296875","3,72805","109,801541",,2,62,,,,,,,,,,,,,7,5,3,197,",84","55,16",52,"5,788462","341,538462","1,748071","103,512846",,,,,,,,,64,"51,515625","1967,890625","15,558367","593,324037",
1784914,521,,1,,,,,,520,"2,776923","39,663462",",917201","13,104389",,2,8,15,2,30,",678259","10,173879",496,"5,211694","134,21371","1,699085","43,771808",,398,22,,,,,,101,"1,891089","161,138614",",616557","52,73021",,76,81,144,"4,569444","137,083333","1,485752","44,572557",220,"7,777273","233,318182","2,491669","74,750066",,201,74,72,"2,513889","96,111111",",834865","32,204908",174,"4,051724","177,758621","1,280298","56,870762",,4,28,155,"2,6","130,935484",",848769","42,792159",334,"6,047904","342,57485","2,00335","113,206403",,,,,,,,,521,"22,525912","545,095969","7,393459","178,976261",,3,7,19,"5,368421","297,894737","1,777028","98,747863",492,"8,98374","485,813008","2,958147","160,032448",,62,186,95,"4,021053","145,263158","1,332065","47,766341",178,"8,353933","308,089888","2,691127","99,096131",,,67,168,"26,738095","792,64881","8,682194","257,360309",286,"39,094406","1171,573427","12,654042","378,967768",
1784915,125,2,,,,,,,123,"1,390244","20,853659",",444489","6,667337",,3,,1,1,30,",333333",10,121,"1,421488","76,61157",",45144","24,409004",,112,4,1,2,120,",518519","31,111111",8,2,150,",65463","49,097222",,45,14,25,"5,56","166,8","1,551096","46,532866",41,6,180,"2,100257","63,007702",,6,19,1,2,110,",7","38,5",99,"2,717172","161,616162",",870641","51,779923",,,5,27,"3,851852","155,555556","1,28838","52,154538",93,"4,698925","344,086022","1,500334","109,843343",,,,24,"5,541667","143,125","1,804885","46,629153",101,"7,435644","233,168317","2,400725","75,339717",,,1,6,"5,666667","302,5","1,892593","101,111111",118,"8,652542","472,118644","2,791763","152,315376",,104,1,7,"3,714286","148,571429","1,310526","52,421053",13,"7,384615",360,"2,102991","100,871795",,,6,14,"18,642857","802,857143","5,792593","248,851852",105,"37,952381","1894,095238","12,057063","602,560147",
1784916,280,,,,,,,,280,"1,125","16,875",",313853","4,707798",,,,,,,,,280,"4,546429","126,535714","1,273228","35,604888",,241,2,1,2,100,",7",35,36,3,150,",832247","41,612331",,140,5,10,"6,9",207,"1,76889","53,066698",125,"8,464","253,92","2,304002","69,120054",,1,8,4,2,90,",60926","27,416667",267,"3,554307","193,895131","1,000372","54,831406",,,11,4,5,"138,75","1,367456","37,531454",265,"15,245283","366,283019","4,34791","104,669766",,,,1,12,155,"2,470588","31,911765",279,"14,379928","335,78853","4,051629","95,408928",,,1,,,,,,279,"20,290323",1040,"5,759551","295,271472",,140,42,12,"6,833333",205,"1,755042","52,651271",86,"10,755814","404,302326","2,943454","110,4023",,,1,7,"35,142857",1010,"9,765452","282,778364",272,"50,209559","1488,786765","13,822188","409,849081",
1784917,311,,,,,,,,311,"2,083601","62,427653",",65645","19,672004",,1,,,,,,,310,"2,154839","106,645161",",67561","33,553774",,294,5,5,2,100,",642353","32,117647",7,3,150,",986111","49,305556",,136,14,34,"3,529412","158,235294","1,067569","47,627207",127,"4,322835","255,19685","1,36096","80,432767",,131,60,,,,,,120,"2,466667","147,916667",",759519","45,54196",,1,8,3,4,"156,666667","1,4","54,833333",299,"6,906355","341,939799","2,176896","107,499821",,,,1,5,165,"1,75","57,75",310,"11,829032","381,467742","3,655287","118,627256",,4,4,16,"6,375","271,875","2,083796","88,861111",287,"12,271777","537,28223","3,876338","169,710444",,188,15,21,"4,904762","167,857143","1,498076","51,608932",87,"8,114943","304,367816","2,455201","92,349254",,,12,15,"22,266667","785,333333","7,201917","253,676035",284,"49,288732","1887,764085","15,238546","584,932508",
1784918,42,41,,,,,,,1,1,15,",35","5,25",,,1,2,2,30,",60926","9,138889",39,"2,487179","123,076923",",848531","41,848554",,38,,,,,,,4,"3,5",255,"1,17963","85,847222",,10,7,12,"3,5","157,5","1,055053","47,477375",13,5,"227,307692","1,713164","77,900075",,19,2,5,2,93,",7","32,55",16,"3,25","186,5625","1,063773","61,298611",,10,11,12,"2,5","130,833333",",859877","44,657407",9,"3,222222","243,333333","1,121339","84,998911",,,1,4,"6,5",150,"2,275","52,5",37,"9,459459","312,432432","3,099736","102,44971",,3,38,1,4,240,"1,037037","62,222222",,,,,,,39,1,1,5,150,"1,75","52,5",1,9,270,"3,15","94,5",,,,1,20,705,7,"246,75",41,"56,317073","1858,170732","18,315857","600,001021",
1784919,63,,,,,,,,63,"2,031746","30,15873",",609853","9,07396",,1,,,,,,,62,"3,177419","90,403226",",943722","26,829377",,61,,,,,,,2,5,300,"1,162854","69,771242",,4,3,17,"4,235294","169,411765","1,260811","50,432442",39,"8,25641","330,25641","2,384808","95,392312",,20,7,,,,,,36,"4,444444","264,166667","1,217198","72,276949",,,4,3,4,140,"1,2",42,56,"8,375","456,428571","2,512784","136,091858",,,,,,,,,63,"24,111111","486,587302","7,098107","142,798003",,2,2,5,"4,8",288,"1,68","100,8",54,"10,166667",610,"2,993319","179,599114",,,40,11,"5,636364","162,272727","1,647613","47,682561",12,"7,083333",260,"2,28178","82,748832",,,4,8,"27,125","818,75","8,306816","250,715835",51,"51,137255","1627,058824","14,333393","456,12951",
1784920,121,4,,,,,,,117,"1,384615","35,512821",",456996","11,692136",,,6,1,2,30,",7","10,5",114,"2,868421","105,921053",",933884","34,59258",,104,15,,,,,,2,"7,5",250,"2,307408","76,611111",,83,3,12,"5,916667","189,166667","1,562574","49,814564",23,"7,652174","255,652174","2,512083","84,3438",,22,76,1,1,90,",35","31,5",22,"4,045455","278,181818","1,179363","82,005559",,,4,8,4,150,"1,358824","50,801471",109,"6,119266","356,834862","1,988129","115,864662",,,,,,,,,121,"13,760331",280,"4,453699","91,315582",,,9,10,"6,9",300,"2,144027","94,477828",102,"31,607843","987,647059","10,105678","318,517748",,115,,,,,,,6,"9,666667",375,"2,735381","115,771552",,,,6,"28,666667",860,"8,996296","269,888889",115,"59,478261","1712,73913","19,371088","556,511844",
1784921,148,10,,,,,,,138,"1,086957","32,5",",331735","9,910712",,,,,,,,,148,"8,655405","191,655405","2,617389","58,108337",,103,17,7,2,105,",645503","33,888889",21,"3,571429","199,285714","1,148721","64,07672",,4,11,43,"5,744186","172,325581","1,707062","51,211866",90,"9,022222","270,666667","2,723657","81,709707",,1,13,3,2,90,",639506","28,777778",131,"2,748092","141,946565",",838551","43,344484",,,6,15,5,"147,666667","1,712351","50,298623",127,"7,031496","323,346457","2,113722","97,308175",,,,4,7,"146,25","1,814815","37,916667",144,"24,611111","335,104167","7,434747","101,782599",,2,7,13,"5,230769","280,384615","1,627762","87,642042",126,"11,15873","586,071429","3,415793","179,253492",,6,9,13,"5,307692","159,230769","1,634587","49,037613",120,"9,533333","287,75","2,854301","86,082722",,,,6,"24,5",870,"8,166667","287,486111",142,"49,380282","1922,78169","14,718954","573,085226",
1784922,145,113,,,,,,,32,"1,375","20,625",",439587","6,593807",,2,26,1,1,30,",35","10,5",116,"2,801724","67,758621",",898275","21,765277",,135,5,,,,,,5,"4,4",234,"1,323519","70,35",,44,12,10,"3,6","167,5","1,115156","51,954191",79,"6,683544","326,202532","2,123689","103,809826",,,62,50,2,100,",663404","33,170175",33,"3,424242","171,212121","1,050462","52,523099",,,4,2,4,"142,5","1,436842","51,394737",139,"26,395683","872,266187","8,410731","278,359333",,,,3,9,150,"3,15","52,5",142,"17,809859","307,957746","5,758871","99,775113",,,3,1,4,240,"1,4",84,141,"9,092199","545,531915","2,953893","177,233591",,92,8,7,"4,285714","154,285714","1,421053","50,710526",38,"6,526316","254,605263","2,07593","80,676471",,,,7,"20,142857","792,857143","6,651852","252,926901",138,"57,202899","1937,826087","18,171514","615,027335",
1784923,267,,,,,,,,267,"1,029963","15,617978",",315642","4,782383",,1,,1,1,30,",205882","6,176471",265,"4,211321","214,056604","1,27691","65,175177",,238,3,9,3,135,",93925","42,266239",17,"4,470588","201,176471","1,335106","60,079755",,189,25,17,"3,941176","164,117647","1,174761","49,139894",36,"7,75","339,166667","2,172164","95,953723",,185,13,12,2,"91,25",",644908","29,458333",57,"4,368421","230,263158","1,215719","64,254021",,,20,1,2,150,",518519","38,888889",246,"7,971545","430,162602","2,436747","131,410799",,,22,125,"6,232","149,68","1,938238","46,498429",120,"9,925","290,75","2,959277","86,616295",,1,1,4,"5,75","322,5","2,0125","112,875",261,"17,498084","750,45977","5,306393","228,359502",,142,83,21,"4,095238","161,428571","1,223488","47,877377",21,"8,285714","443,095238","2,304755","123,706342",,,9,15,"23,933333","835,666667","7,148347","253,40137",243,"50,283951","1934,053498","15,053815","581,033086",
1784924,206,1,,,,,,,205,"1,04878","17,926829",",325022","5,297026",,,,,,,,,206,"11,456311","317,645631","3,565358","99,583396",,163,10,20,"2,65",133,",802072","39,922249",13,"3,615385","192,307692","1,148777","61,477292",,184,1,12,"5,75","172,5","1,607852","48,235566",9,"8,555556","256,666667","2,061946","61,858364",,102,55,22,"3,272727","101,363636","1,026149","32,341766",27,"5,222222","171,851852","1,48056","48,422219",,,3,24,"2,083333","121,25",",672898","39,331579",179,"9,03352","445,670391","2,835559","140,235894",,,,1,3,130,"1,05","45,5",205,"22,356098","360,02439","7,128119","112,662858",,4,5,17,"10,411765","319,411765","3,617429","110,19281",180,"14,938889","495,75","4,464316","152,895594",,1,176,1,13,245,"2,219512","41,829268",28,"5,785714","332,142857","1,77325","101,728361",,,,,,,,,206,"57,815534","1812,791262","17,33366","541,275968",
1784925,45,15,,,,,,,30,1,18,",312538","5,511226",,9,1,13,"1,923077",30,",595065","9,329814",22,"3,363636","76,363636","1,105236","24,780557",,39,5,1,2,120,",7",42,,,,,,,5,29,10,"4,5",135,"1,527924","45,837719",1,8,240,"2,074074","62,222222",,16,17,,,,,,12,"2,166667","127,5",",623958","36,562478",,4,12,14,"3,214286","140,357143","1,014815","43,648148",15,"5,733333",350,"1,754393","104,091616",,3,15,1,6,150,"2,1","52,5",26,"8,653846","361,153846","2,737914","113,906658",,7,5,5,"4,6",276,"1,337778","80,266667",28,"7,571429","443,035714","2,376836","139,041817",,40,1,4,"2,75",120,",976316","42,552632",,,,,,,,1,2,"28,5",785,"9,142702","253,082789",42,"71,238095","2109,285714","21,767242","645,097074",
1784926,464,15,,,,,,,449,"1,020045","15,300668",",325117","4,87675",,146,,18,1,30,",325348","9,760446",300,"1,356667","74,5",",418166","23,054063",,381,27,7,2,100,",621825","31,091239",49,"3,142857","218,265306",",963207","67,011043",,36,199,122,"3,754098","148,688525","1,208588","47,813369",107,"5,971963","271,869159","1,918196","87,423698",,120,158,34,2,"103,676471",",613111","31,82731",152,"2,703947","170,625",",810296","51,202327",,,56,36,4,"161,805556","1,319547","53,403353",372,"7,997312","383,696237","2,522539","120,836669",,,53,110,"4,4","152,818182","1,437673","49,744941",301,"8,727575","251,694352","2,715852","78,694937",,2,3,101,"4,792079","287,524752","1,548901","92,934044",358,"8,26257","502,402235","2,632895","160,110177",,208,210,6,"6,333333","157,5","1,959483","47,530172",40,"5,5",231,"1,601969","71,010928",,,4,32,"23,5","814,6875","7,616079","263,844669",428,"40,75","1435,21028","12,664823","445,675147",
1784927,40,,,,,,,,40,"1,025","30,75",",32684","9,805191",,6,1,6,1,40,",265486","10,619462",27,"1,407407","61,296296",",46709","20,322904",,36,1,,,,,,3,"2,666667",190,",933333","66,5",,19,4,1,5,165,"1,75","57,75",16,11,"381,5625","3,215482","111,80913",,17,4,2,3,90,",913889","27,416667",17,"4,941176","250,588235","1,53328","77,806761",,,3,1,3,150,"1,05","52,5",36,"7,083333","460,833333","2,240316","143,921671",,,4,4,"10,25","148,75","2,861574","41,854167",32,"15,90625","279,6875","5,098374","89,150652",,2,,6,"4,5",270,"1,378395","82,703704",32,"7,71875","463,125","2,459022","147,541321",,20,10,5,"4,8",144,"1,571111","47,133333",5,"5,4",246,"1,572941","76,588235",,,5,7,"25,428571","801,428571","8,138235","254,764706",28,"42,821429","1442,857143","12,807231","431,29173",
1784928,29,,,,,,,,29,"2,172414","65,172414",",695908","20,877247",,,,,,,,,29,"3,793103","220,344828","1,210954","70,310492",,22,3,1,2,110,",518519","28,518519",3,3,160,"1,05",56,,15,2,,,,,,12,"4,25",255,"1,419444","85,166667",,6,7,1,2,90,",7","31,5",15,"3,133333",182,"1,022346","59,162963",,,,,,,,,29,"16,241379","504,827586","5,162216","160,389847",,,,,,,,,29,"16,655172","334,655172","5,348924","108,056955",,4,14,11,4,240,"1,304636","78,278166",,,,,,,20,7,,,,,,2,"5,5",385,"1,652778","113,425926",,,,2,25,725,"7,659616","221,038462",27,"49,814815","1720,185185","15,690466","540,185871",
1784929,70,69,,,,,,,1,1,30,",259259","7,777778",,,,,,,,,70,"1,457143","73,285714",",417485","20,97099",,67,1,1,2,120,",518519","31,111111",1,3,180,",777778","46,666667",,56,6,8,"2,375","142,5",",713588","42,815294",,,,,,,48,13,,,,,,9,3,175,",789258","46,183097",,,31,32,"3,34375","130,78125",",931857","36,738184",7,5,"220,714286","1,265293","55,991704",,,,3,"5,666667",145,"1,832099","46,212963",67,"29,671642","412,38806","8,290284","116,13296",,34,2,1,3,300,"1,05",105,33,"4,878788","505,454545","1,419181","147,255827",,66,2,,,,,,2,"7,5",315,"1,757625","71,25817",,,4,6,"26,166667",870,"7,5798","253,294009",60,"48,116667",1876,"13,205686","515,839595",
1784930,41,1,,,,,,,40,"1,85","42,375",",592096","13,552509",,1,1,,,,,,39,"4,25641","170,897436","1,343227","53,904831",,31,6,1,4,140,"1,4",49,3,6,205,"2,1","71,75",,25,3,3,"7,666667",230,"1,85723","55,716912",10,"7,5","238,5","2,218723","70,923723",,6,19,,,,,,16,"4,8125","349,6875","1,4176","104,072092",,,3,8,"4,25",135,"1,324777","41,838041",30,"6,433333","345,5","2,091225","111,866952",,,,3,"9,666667",160,"3,383333",56,38,14,"262,105263","4,361141","82,453268",,,4,2,5,300,"1,75",105,35,"34,657143","1037,714286","10,636419","322,077537",,37,2,,,,,,2,"10,5",600,"2,296875","131,25",,,,3,"30,333333",900,"9,558025","283,240741",38,"66,342105","1879,868421","20,671596","586,267613",
1784931,29,,,,,,,,29,1,30,",288924","8,667712",,1,,,,,,,28,"1,214286","65,357143",",345539","18,667298",,23,,2,2,"117,5",",60926","35,907408",4,3,190,",777778","49,259259",,12,1,7,"3,428571","188,571429",",888889","48,888889",9,"3,888889","228,888889","1,240123","72,851852",,17,2,,,,,,10,3,264,",854377","76,579293",,,1,2,3,"142,5",",843182","40,568182",26,"7,769231","333,846154","2,192237","96,551638",,,,,,,,,29,"10,758621","593,793103","3,10782","171,393736",,,,4,"8,5","296,25","2,566667","90,076389",25,"12,36","625,8","3,504714","179,502626",,23,2,3,"3,666667",165,"1,132099","50,944444",1,8,360,"2,074074","93,333333",,,,1,35,1050,"9,074074","272,222222",28,"88,75","3560,892857","25,368603","1019,349747",
1956911,182,30,,,,,,,152,"1,171053","17,565789",",348485","5,227275",,15,1,2,2,30,",7","10,5",164,"1,402439","52,378049",",403697","15,309642",,168,,1,1,100,",21875","21,875",13,"2,076923","207,692308",",599053","59,905313",,6,29,73,"2,808219","168,493151",",765935","45,956102",74,"3,554054","213,243243","1,163119","69,787121",,8,26,14,2,"103,928571",",617229","32,029498",134,"3,238806","183,69403",",93108","52,918478",,,4,1,5,120,"1,75",42,177,"6,124294","324,830508","1,818411","96,465274",,,1,,,,,,181,"20,685083","723,176796","6,131022","213,714614",,2,4,34,"5,441176","287,205882","1,622","85,666403",142,"7,288732","395,809859","2,184934","118,792375",,9,56,50,"3,1","160,8",",892529","46,10399",67,"5,164179","246,716418","1,562144","74,532916",,,,,,,,,182,"72,71978","3494,945055","21,118941","1013,021755",
1956912,115,,,,,,,,115,"1,826087","27,391304",",556801","8,352011",,,,,,,,,115,"12,878261","219,695652","3,869464","66,037113",,101,4,1,2,120,",7",42,9,"2,666667",200,",903086","67,731481",,9,46,49,"3,959184","146,326531","1,244974","44,880953",11,4,180,"1,4",63,,38,46,2,"3,5",105,"1,043519","31,986111",29,"5,275862","244,655172","1,500154","69,657652",,29,27,10,21,"137,5","6,332636","42,085403",49,"13,897959","382,653061","4,299471","119,539683",,,,2,5,"147,5","1,75","51,625",113,"24,504425","442,389381","7,258956","132,266624",,1,5,5,"4,6",276,"1,519259","91,155556",104,"8,519231","510,721154","2,551621","152,985106",,13,55,41,"3,219512","141,95122","1,069937","47,486012",6,9,"312,5","2,529049","88,304466",,,1,3,"31,666667","896,666667","8,845062","252,432099",111,"66,63964","2264,369369","19,826563","673,312114",
1956913,59,59,,,,,,,,,,,,,12,5,15,"1,666667","30,333333",",585519","10,558715",27,"2,62963","83,148148",",789232","24,993141",,52,,2,2,135,",518519",35,5,"2,8",186,",925556","61,561111",,12,1,5,2,120,",7",42,41,"4,414634","264,878049","1,366838","82,010252",,32,4,,,,,,23,"2,73913","164,347826",",830329","49,819757",,,15,,,,,,44,"4,840909","335,795455","1,51718","104,911854",,,,2,8,165,"2,8","57,75",57,"12,982456","357,54386","4,133682","113,129823",,,3,14,"4,5","266,785714","1,443519","85,486111",42,"6,690476","399,285714","2,138295","127,709761",,47,4,1,5,150,"1,75","52,5",7,"5,285714","287,142857","1,668519","90,388889",,,1,7,28,"939,285714","7,976118","268,531928",51,"33,980392","1327,058824","10,7483","419,765582",
1956914,1202,1,,,,,,,1201,"1,950042","29,292256",",586557","8,812926",,1,158,70,3,35,",921224","10,747618",973,"7,331963","149,948613","2,117156","43,199664",,1124,2,3,2,120,",547587","32,855219",73,"2,972603","179,178082",",889894","53,6221",,503,46,130,"3,469231","208,153846",",809151","48,549069",523,"3,900574","233,479924","1,245929","74,580745",,407,99,26,2,"101,153846",",553131","28,004938",670,"3,055224","177,58209",",901681","52,491491",,,,1,2,120,",7",42,1201,"32,856786","530,383014","9,574253","156,758179",,,1,16,"13,4375","156,875","4,66584","54,666688",1185,"20,469198","402,375527","6,004526","117,774466",,,17,148,"6,317568","310,101351","2,174711","106,704206",1037,"12,041466","592,251688","3,52457","173,340553",,999,32,25,"2,6","164,4",",808629","51,837146",146,"6,349315","369,863014","1,77496","102,838556",,,33,125,"24,872","816,48","7,72066","254,131492",1044,"48,248084","1749,535441","13,741197","497,705305",
1956915,91,,,,,,,,91,"1,362637","30,164835",",387408","8,706716",,,3,,,,,,88,"4,136364","126,647727","1,172276","35,944088",,86,,,,,,,5,3,180,",880802","52,848128",,15,11,30,"6,533333",196,"1,667521","50,025617",35,"7,4",222,"2,159248","64,777451",,,19,32,"2,9375","101,71875",",883882","30,653721",40,"4,125","176,625","1,077007","45,710986",,,9,13,4,"133,846154","1,086091","36,43116",69,"4,985507","303,043478","1,408017","85,633914",,,,3,8,"163,333333","2,688319","55,331909",88,"12,670455","314,261364","3,534524","87,407295",,9,16,31,"5,032258","274,83871","1,435496","78,74986",35,7,360,"1,901428","97,787718",,61,14,5,4,228,"1,085806","54,809463",11,"6,181818","310,909091","1,79815","91,203919",,,,1,27,810,"9,45","283,5",90,"69,922222","2219,666667","18,802161","598,173482",
1956916,213,1,,,,,,,212,"1,070755","16,768868",",318468","4,948398",,68,1,8,1,30,",256727","7,701813",136,"2,029412","81,507353",",58697","23,678244",,198,,5,2,120,",493464","29,607843",10,3,180,",85688","51,412821",,94,33,41,"4,073171","186,585366","1,12891","51,794712",45,"5,577778","255,222222","1,696851","77,670265",,48,86,25,"2,36","98,8",",69304","28,74238",54,"5,685185","256,851852","1,494819","67,14972",,,17,55,"4,236364","150,727273","1,308928","46,527479",141,"6,184397","334,893617","1,809784","97,902483",,,,2,"6,5","162,5","1,912037","49,162037",211,"13,023697","371,895735","3,872094","111,280186",,6,8,24,"6,166667","307,5","1,889455","94,373007",175,"10,428571","515,828571","3,120106","154,303783",,187,7,2,1,120,",35",42,17,"4,235294","471,176471","1,30387","142,811145",,,18,47,"29,87234","918,085106","8,468323","260,415581",148,"44,864865","1411,081081","13,261456","417,021618",
1956917,117,23,,,,,,,94,"1,457447","45,797872",",439605","13,856715",,,,,,,,,117,"1,350427","55,512821",",401497","16,528571",,104,2,3,2,120,",533333",32,8,"3,375","202,5",",983102","58,986111",,53,33,8,"2,625","157,5",",728238","43,694282",23,"5,173913","305,217391","1,571808","92,482379",,66,16,,,,,,35,"3,542857","212,571429","1,023699","61,421923",,,,,,,,,117,"28,641026","913,717949","8,203096","261,812805",,,,,,,,,117,"13,641026","342,863248","3,980163","100,422237",,12,3,25,"4,96","297,6","1,446371","86,78229",77,"8,74026","524,415584","2,598303","155,898201",,98,2,1,5,150,"1,75","52,5",16,"9,75","393,75","2,682176","108,533895",,,8,14,"28,857143",900,"8,447772","262,102941",95,"55,547368","1833,157895","15,319932","505,357756",
1956918,212,25,,,,,,,187,"1,320856","20,374332",",374105","5,786942",,17,,5,"1,2",32,",363704","9,511111",190,"2,131579","96,947368",",592689","26,964985",,179,22,10,2,120,",528233","31,693937",1,3,180,",777778","46,666667",,21,62,48,"6,270833","190,9375","1,63371","49,731415",81,"8,382716","260,493827","2,338123","72,829677",,8,72,,,,,,132,"2,045455","122,386364",",564833","33,770632",,,,,,,,,212,"23,589623","824,693396","6,512272","227,431109",,,,,,,,,212,"33,183962","596,745283","9,260832","167,915821",,12,35,34,"5,205882","280,588235","1,50715","81,158328",131,"13,900763","641,221374","3,860663","177,77792",,21,116,28,"3,785714","151,071429","1,110944","45,704676",47,"17,319149","554,468085","4,444803","142,979753",,,2,6,33,1035,"8,272261","259,007149",204,"61,235294","2520,808824","16,872373","698,428542",
1956919,265,3,,,,,,,262,"1,003817","15,057252",",287607","4,314114",,,,,,,,,265,"4,2","89,830189","1,148898","24,696789",,253,1,7,2,100,",456506","22,825312",4,3,150,",878536","43,926768",,55,19,54,"3,537037","176,851852","1,024742","51,237089",137,"5,744526","287,226277","1,534266","76,713295",,56,46,8,2,"101,25",",572444","29,14248",155,"2,851613","158,387097",",777899","43,310856",,5,8,11,"7,181818","145,454545","2,166529","44,247628",241,"19,315353","378,921162","5,280778","104,037849",,,2,25,"7,64","151,6","2,444122","48,053486",238,"24,264706","355,084034","6,526278","98,060727",,30,70,38,"6,447368","305,131579","1,740344","82,347996",127,"9,787402","455,433071","2,772044","128,975594",,24,166,18,"6,222222","190,833333","1,739371","51,663036",57,"8,526316","357,982456","2,258965","93,713537",,,,4,37,"1096,25","8,663748","256,70566",261,"63,172414","1993,333333","17,214555","543,421651",
1956920,31,,,,,,,,31,1,30,",316937","9,508101",,5,,1,1,30,",35","10,5",25,"1,88","100,8",",598275","32,174512",,29,1,,,,,,1,3,180,"1,05",63,,12,,10,"5,4",177,"1,584428","52,510606",9,"7,333333","237,777778","2,263404","73,284176",,8,10,,,,,,13,"2,384615","143,076923",",767072","46,024291",,,1,,,,,,30,"20,166667","765,833333","6,398354","236,867126",,,,1,7,165,"2,45","57,75",30,"10,5","361,666667","3,282832","112,946471",,,8,6,"3,666667",290,"1,131911","89,689614",17,"5,705882","412,941176","1,787548","129,495649",,19,2,2,"4,5",135,"1,575","47,25",8,"9,375",285,"2,999595","90,960066",,,1,3,"25,333333",760,"8,989474","269,684211",27,"48,518519","1523,703704","15,000681","472,029568",
1956921,452,,,,,,,,452,"3,017699","44,20354","1,000466","14,652478",,,5,21,2,30,",682716","10,240741",426,"5,553991","147,124413","1,834476","48,640815",,347,7,,,,,,98,2,150,",664529","49,839699",,44,59,119,"4,714286","141,428571","1,522053","45,661598",230,"7,352174","220,695652","2,408786","72,309234",,131,73,62,"2,322581","99,677419",",78748","33,584592",186,"3,88172","171,397849","1,243018","55,306926",,6,7,82,"2,45122","128,963415",",798921","41,930661",357,"5,778711","338,823529","1,932442","113,060927",,,1,1,6,165,"2,1","57,75",450,"22,755556","527,7","7,515263","174,187896",,2,10,26,"5,384615","296,538462","1,792774","99,45566",414,"8,461353","464,951691","2,806215","154,364687",,12,154,81,"4,382716","151,851852","1,422021","49,102273",205,"7,453659","273,073171","2,468808","90,178614",,,40,138,"26,130435","779,094203","8,568799","255,69362",274,"39,773723","1185,510949","12,887073","384,18211",
1956922,140,2,,,,,,,138,"1,405797","21,086957",",456954","6,854309",,1,,,,,,,139,"1,330935","74,676259",",432825","24,293548",,125,5,6,2,120,",682034","40,922027",4,3,180,",950739","57,044332",,44,14,38,"5,052632","151,578947","1,486766","44,602969",44,6,180,"2,115311","63,45933",,7,30,,,,,,103,"2,504854","150,291262",",806413","48,384769",,1,13,17,"3,764706","155,294118","1,246663","51,353457",109,"4,816514","342,93578","1,555129","111,459705",,,,38,"5,973684","148,815789","2,010921","50,074177",102,"8,509804","242,647059","2,745299","78,245455",,1,4,17,"5,176471","279,705882","1,721471","92,967654",118,"8,440678","455,974576","2,749622","148,530501",,119,6,6,"3,666667","146,666667","1,208593","48,34373",9,"6,555556",305,"2,023143","91,620154",,,3,11,"16,272727","723,636364","5,607133","248,935407",126,"43,444444","2197,777778","13,8963","703,519131",
1956923,207,,,,,,,,207,"1,043478","15,652174",",311522","4,672836",,,,,,,,,207,"4,42029","136,086957","1,296819","40,242068",,176,,1,2,100,",7",35,30,3,150,",923997","46,199846",,109,7,4,"5,5",165,"1,639624","49,188726",87,"7,689655","230,689655","2,227791","66,833727",,2,19,9,2,90,",579171","26,062678",177,"3,632768","193,898305","1,058601","56,622603",,,3,2,4,135,"1,4","47,25",202,"13,910891","341,064356","4,068726","99,672403",,,,,,,,,207,"12,21256","359,444444","3,571289","105,677776",,1,,,,,,,206,"19,019417","983,300971","5,609424","290,071576",,127,32,10,"6,2",186,"1,701428","51,042847",38,"10,657895","357,631579","2,887943","95,986727",,,,2,29,870,"8,652778","259,583334",205,"50,995122","1517,707317","14,51659","432,115404",
1956924,345,,,,,,,,345,"2,008696","60,202899",",656045","19,667635",,35,,3,"1,333333",30,",466667","10,5",307,"1,892508","96,596091",",617194","31,541382",,325,3,7,2,100,",674074","33,703704",10,3,150,",886667","44,333333",,156,24,31,"3,516129","155,483871","1,146508","50,15508",134,"4,634328","257,910448","1,501479","83,564677",,130,78,,,,,,137,"2,540146","152,116788",",831212","49,770509",,1,5,5,4,164,"1,309259","54,224074",334,"6,733533","337,724551","2,198613","110,002833",,,,5,"5,4",165,"1,781111","54,755556",340,"11,573529","386,279412","3,751399","125,592034",,4,1,20,"6,25","266,25","2,105833","89,716667",320,"12,096875","529,359375","3,954894","173,066226",,232,22,18,"4,388889","144,444444","1,435288","47,455247",73,"9,328767","339,041096","2,978537","108,413917",,,10,14,"21,785714","721,785714","7,482407","247,180556",321,"49,46729","1862,959502","15,82032","595,51787",
1956925,26,6,,,,,,,20,"1,05","44,25",",343691","14,416077",,,,,,,,,26,"3,615385","152,692308","1,148536","49,121953",,20,,,,,,,6,"2,833333",200,",8842","62,4773",,8,2,6,"4,166667","155,833333","1,203604","45,044902",10,"5,9",261,"1,992407","88,083333",,14,2,3,2,95,",639506","30,074074",7,4,225,"1,346774","75,822581",,2,9,4,3,"123,75","1,05","43,3125",11,"4,727273","255,454545","1,47092","81,511772",,,,7,"6,142857","144,285714","2,059259","48,490741",19,"9,947368","287,105263","2,96752","88,292727",,3,22,1,4,240,"1,4",84,,,,,,,16,6,1,5,150,"1,75","52,5",3,"14,333333","428,333333","3,53623","105,787749",,,,,,,,,26,"62,923077","1849,038462","19,887574","586,219343",
1956926,31,,,,,,,,31,1,15,",304632","4,569474",,,,2,1,30,",35","10,5",29,"3,206897","137,586207",",964215","41,364764",,25,,,,,,,6,4,230,"1,292308","74,307692",,10,4,7,"2,857143","171,428571",",796193","47,771562",10,"3,7",222,"1,153803","69,228205",,,24,,,,,,7,"2,571429","154,285714",",699715","41,982906",,,1,2,3,130,",792735","34,351852",28,"5,285714","376,428571","1,614177","114,260518",,,,,,,,,31,14,"416,129032","4,242579","126,577659",,4,,17,"4,882353","322,941176","1,506519","99,645299",10,"6,1",396,"1,80857","117,427392",,25,3,1,6,180,"1,555556","46,666667",2,9,405,"2,705769","117,519231",,,,1,21,630,"7,35","220,5",30,"64,4","2415,5","18,965321","711,460275",
1956927,55,2,,,,,,,53,"2,150943","30,849057",",653998","9,362091",,,1,,,,,,54,"2,944444","86,203704",",890228","26,096697",,46,,,,,,,9,"4,777778","286,666667","1,497264","89,835847",,9,7,15,"4,133333","165,333333","1,267855","50,714205",24,"6,625",265,"1,991398","79,655928",,12,11,5,2,90,",628293","28,273171",27,"4,481481","239,259259","1,288123","68,78427",,,3,1,4,140,"1,4",49,51,"7,803922",420,"2,352677","126,1353",,,,,,,,,55,"16,963636","358,181818","5,145794","108,885075",,2,5,3,"4,666667",280,"1,633333",98,45,"9,155556","549,333333","2,648709","158,922518",,8,29,10,"5,8","175,5","1,6287","49,693116",8,"6,875","324,375","1,989894","94,114668",,,2,5,"32,4",972,"8,568296","257,048869",48,"52,520833","1602,5","15,50924","473,42649",
1956928,100,1,,,,,,,99,"1,626263","42,727273",",519173","13,736432",,,3,,,,,,97,"3,113402","118,041237",",979642","37,001545",,83,11,,,,,,6,"5,666667",195,"1,572912","54,48366",,62,6,7,"6,428571","192,857143","1,65462","49,638613",25,"8,24","247,2","2,575002","77,250045",,13,50,1,2,105,",411765","21,617647",36,"4,611111","334,166667","1,357355","98,515336",,,2,5,4,147,"1,431111","52,5",93,"6,591398","389,354839","2,073735","122,909475",,,,,,,,,100,"13,22","278,65","4,189911","88,531442",,,4,12,"6,916667",295,"2,306902","97,066919",84,"25,904762","866,309524","8,137021","272,09042",,70,1,,,,,,29,"6,034483","355,862069","1,893985","111,719233",,,,,,,,,100,"67,01",1911,"20,62905","588,105786",
1956929,130,5,,,,,,,125,"1,016","30,36",",304923","9,115398",,,,,,,,,130,"8,392308","193,730769","2,448272","56,957945",,92,5,2,2,105,",7","36,75",31,"3,548387","197,903226","1,04832","58,490613",,4,10,33,"5,818182","174,545455","1,692517","50,775516",83,"9,891566","296,746988","2,972408","89,172228",,2,17,3,2,95,",646154","30,423077",108,"2,518519","135,694444",",736332","39,866636",,,7,7,5,"144,285714","1,685185","48,685185",116,"7,793103","376,724138","2,254254","107,846244",,,1,2,"7,5",150,"2,345","47,6",127,"24,582677","331,299213","7,230452","97,795123",,1,4,23,"5,086957","288,913043","1,636151","92,817633",102,"10,54902","557,794118","3,080387","162,869986",,3,8,8,"6,25","187,5","1,71692","51,507586",111,"10,711712","321,351351","3,193227","95,796809",,,,1,32,1110,"8,615385","298,846154",129,"57,51938","2252,054264","16,742797","654,485928",
1956930,216,106,,,,,,,110,"1,2",18,",390909","5,863628",,,27,,,,,,189,"2,656085","74,68254",",877227","24,592694",,192,12,,,,,,12,"4,666667",250,"1,550266","83,014368",,42,6,24,"3,333333","159,583333","1,070911","51,444389",144,"5,9375","285,798611","1,922199","92,486274",,46,62,51,2,"101,176471",",668929","33,822606",57,"3,052632","161,052632",",922326","48,594611",,,2,1,2,165,",7","57,75",213,"25,802817","899,507042","8,469959","295,509501",,,,,,,,,216,"19,430556","400,138889","6,412111","132,317702",,1,2,3,5,300,"1,852941","111,176471",210,"9,547619","572,857143","3,175888","190,553253",,118,4,12,"4,25","151,25","1,413189","49,913507",82,"6,658537","262,682927","2,154864","84,780463",,,1,6,"24,833333",840,"7,972222","272,416667",209,"52,626794","1819,688995","17,187915","594,092885",
1956931,258,4,,,,,,,254,"1,027559","15,413386",",312078","4,681177",,4,,1,1,30,",388889","11,666667",253,"3,909091","203,418972","1,165852","60,923128",,221,7,6,3,"132,5",",913889","40,476852",24,"4,708333","211,875","1,439969","64,798611",,141,32,39,"4,384615",160,"1,290428","46,856971",46,"6,673913","242,282609","1,969648","72,305764",,141,8,18,2,"90,833333",",6436","29,253655",91,"4,120879","218,626374","1,184612","62,960883",,2,3,3,3,145,"1,088889","52,888889",250,"8,616","495,14","2,590658","148,813666",,,,6,"5,666667","155,833333","1,919508","52,442008",252,"10,809524","310,416667","3,296438","94,092736",,3,5,39,"6,410256","326,153846","2,046005","104,116805",211,"19,113744","775,781991","5,673522","231,357807",,145,51,19,"4,736842","172,105263","1,364785","49,580972",43,"7,976744","398,72093","2,309316","114,717825",,,6,16,"24,1875","840,625","7,504148","261,826267",236,"55,461864","2156,038136","16,326849","637,083195",
1956932,246,1,,,,,,,245,1,15,",30999","4,649853",,,,,,,,,246,"14,53252","427,195122","4,456356","131,286139",,202,7,22,"2,954545","139,090909",",964944","45,454942",15,"3,8",196,"1,129125","58,374764",,212,10,11,"6,181818","185,454545","1,68158","50,447415",13,"7,384615","221,538462","2,110793","63,323781",,3,151,36,"3,611111","105,277778","1,120165","32,875923",56,"6,053571","216,964286","1,686824","61,116964",,5,18,37,"2,189189","123,513514",",707749","40,401784",186,"8,892473","427,123656","2,667082","128,364621",,,1,24,"5,083333","148,75","1,714447","49,991603",221,"8,873303","298,552036","2,678782","89,38706",,9,46,64,"9,765625","296,953125","3,128352","96,777413",127,"12,338583","428,385827","3,496301","124,884627",,2,224,3,"4,666667",180,"1,056863","42,823529",17,"6,764706","318,529412","1,851147","93,084391",,,,1,32,810,"11,2","283,5",245,"59,314286","1907,816327","17,372065","554,839076",
1956933,61,1,,,,,,,60,"1,233333",21,",370249","6,329841",,,,5,2,30,",663704","9,955556",56,5,"109,553571","1,457365","32,06411",,46,4,3,2,130,",526144","34,485294",8,"2,625","187,5",",762384","54,478472",,,25,20,"5,8",174,"1,649308","49,479236",16,"7,3125","219,375","2,200302","66,009068",,2,22,2,2,90,",60926","27,416667",35,"2,285714","134,571429",",65436","38,562895",,,3,5,"3,8",153,"1,047926","42,68963",53,"5,339623","343,207547","1,585265","102,131437",,,4,5,"4,6",135,"1,568519","46,005556",52,"9,826923","313,269231","2,889274","93,205067",,3,7,12,"5,166667","281,25","1,593936","87,048203",39,"7,538462",425,"2,182045","123,127803",,10,15,15,"2,666667",148,",800452","44,667109",21,"4,857143",260,"1,432302","75,274361",,,,1,26,780,"9,1",273,60,"75,183333","2263,333333","22,014034","662,88194",
1956934,452,28,,,,,,,424,"1,014151","15,212264",",311452","4,671787",,15,13,8,"1,125","30,625",",34838","9,357639",416,"1,627404","76,778846",",497054","23,41894",,395,18,,,,,,39,4,270,"1,210005","81,79571",,28,131,86,"3,767442","160,581395","1,136657","47,912784",207,"6,217391","299,710145","1,888039","91,242577",,106,140,15,"1,933333","101,333333",",567542","29,49624",191,"2,801047","185,13089",",816017","53,816272",,,33,29,"4,137931","158,62069","1,31967","50,31405",390,"18,582051","499,230769","5,730961","152,156766",,,140,82,"4,097561","147,073171","1,277459","45,662067",230,"9,513043","263,021739","2,818008","77,966948",,3,9,120,"4,691667","281,666667","1,462165","87,81847",320,"8,03125","489,03125","2,457124","149,602791",,217,98,44,"5,681818","175,568182","1,595347","48,561262",93,"6,494624","221,935484","1,975284","70,296275",,,7,33,"23,454545","833,030303","7,538952","267,085647",412,"41,665049","1476,18932","12,31506","436,339893",
1956935,34,,,,,,,,34,"1,058824","32,352941",",315163","9,60466",,3,,1,1,40,",205882","8,235294",30,"1,366667","60,166667",",415272","18,235703",,33,1,,,,,,,,,,,,13,,,,,,,21,"11,380952","407,857143","3,155964","113,673487",,21,4,,,,,,9,"6,777778","293,333333","1,782723","77,287291",,1,2,,,,,,31,"16,967742","740,967742","4,911847","215,464517",,,4,10,"10,9",159,"3,434285","49,104238",20,"20,4","297,75","6,052808","87,854076",,9,,1,5,300,"1,296296","77,777778",24,"6,958333","417,5","2,109491","126,569426",,11,15,4,5,165,"1,455093","48,902778",4,"5,5",330,"1,621019","100,975",,,,7,"28,428571",830,"9,091481","265,792593",27,"43,407407","1408,333333","12,289128","396,500975",
1956936,94,67,,,,,,,27,1,"27,777778",",293563","8,192006",,,1,,,,,,93,"1,591398","77,311828",",498425","24,32042",,89,2,2,2,120,",60926","36,555556",1,3,180,"1,05",63,,66,8,10,"2,5",150,",760964","45,657843",10,"3,4",204,"1,072571","64,354248",,66,21,1,2,90,",4",18,6,"2,333333",140,",666322","39,979303",,2,46,28,"3,178571","130,714286","1,021596","42,101103",18,"5,222222","263,333333","1,493739","76,503421",,,1,1,5,135,"1,296296",35,92,"30,586957","373,967391","9,609062","117,730789",,46,1,1,3,300,"1,05",105,46,"4,717391","486,521739","1,45038","149,435329",,91,2,1,6,180,"1,555556","46,666667",,,,,,,,2,3,"28,333333","1006,666667","7,432902","264,816344",89,"39,674157","1538,764045","12,1013","470,109718",
1956937,37,1,,,,,,,36,1,30,",280017","8,400509",,,,,,,,,37,"1,351351","70,540541",",372567","19,5174",,32,,,,,,,5,3,190,",832222","52,707407",,15,,6,"3,333333",190,",849964","48,583152",16,"4,125","242,5","1,132162","66,40659",,10,1,,,,,,26,"2,076923","213,461538",",563302","58,994093",,,,11,"4,454545","150,909091","1,131105","39,029956",26,"8,576923","331,538462","2,505107","94,00817",,,,,,,,,37,"14,135135","695,27027","3,903418","191,416078",,,1,1,11,345,"3,85","120,75",35,"12,342857","497,142857","3,299891","136,325817",,22,3,2,6,180,"1,52353","45,705883",10,"7,5","331,5","1,907081","84,263072",,,2,2,"30,5",915,"8,950926","268,527778",33,"83,242424","3381,363636","22,298884","908,198009",
1956938,79,,,,,,,,79,"1,43038","57,911392",",41688","16,889633",,,6,2,2,40,",7",14,71,"4,901408","225,352113","1,40447","64,31063",,73,4,1,2,120,",7",42,1,3,180,",875","52,5",,2,13,19,"5,263158","173,684211","1,558322","51,225784",45,"8,288889","289,666667","2,307059","80,722217",,7,2,5,1,90,",338333","30,45",65,"9,184615","648,230769","2,586388","182,369118",,2,,18,"3,388889","138,333333","1,032211","42,136542",59,"4,288136","375,932203","1,226344","107,516573",,,,,,,,,79,"10,873418","316,202532","3,171187","92,811261",,4,75,,,,,,,,,,,,1,16,11,3,"208,181818",",818081","56,659933",51,"5,254902","315,784314","1,47809","89,376863",,,1,2,"29,5","1027,5","7,96963","276,966667",76,"54,105263","2009,934211","15,75483","586,027783",
1956939,40,3,,,,,,,37,"1,351351","20,27027",",375028","5,625428",,4,,3,1,30,",283546","8,506386",33,"2,333333","102,121212",",629825","27,704865",,30,6,2,2,120,",424633","25,477941",2,3,180,",725","43,5",,7,14,10,"5,3","172,5","1,433129","46,153265",9,"8,555556","240,555556","2,456426","70,070908",,7,12,,,,,,21,"2,047619","121,428571",",56001","33,243418",,,,,,,,,40,"22,8","771,125","6,260314","211,586454",,,,,,,,,40,"30,4","577,625","8,516685","162,699772",,4,5,12,"5,583333","297,5","1,55894","83,794982",19,"17,789474","781,578947","5,115988","224,949203",,3,25,6,"2,666667","125,833333",",933333","44,041667",6,"12,166667","379,166667","3,243919","102,244398",,,,,,,,,40,"62,675","2595,75","16,832464","695,955544",
7418358,43,,,,,,,,43,"1,860465","42,209302",",588804","13,300968",,,1,1,2,30,",7","10,5",41,"4,219512","184,756098","1,332745","58,456588",,39,3,,,,,,1,6,210,"2,1","73,5",,36,1,,,,,,6,9,270,"2,389191","71,675719",,2,25,,,,,,16,"4,625","353,4375","1,285857","98,124264",,,1,2,4,150,"1,477778","55,125",40,"6,025","357,75","1,84735","110,189876",,,,2,"9,5","162,5","3,5","59,986111",41,"14,682927","295,853659","4,525212","91,121668",,,1,6,"6,666667",310,"2,333333","108,5",36,"32,5","1047,638889","9,680338","312,123146",,27,,,,,,,16,"5,75","337,5","1,786463","104,863645",,,,,,,,,43,"62,860465","1816,744186","18,91947","545,518947",
7710018,131,2,,,,,,,129,1,15,",283091","4,246368",,,,1,2,30,",7","10,5",130,"4,553846","114,807692","1,242151","31,656517",,129,,1,2,100,",518519","25,925926",1,3,150,",617647","30,882353",,17,15,22,"3,727273","186,363636","1,011623","50,581151",77,"6,207792","310,38961","1,667822","83,391096",,28,30,13,2,"97,692308",",560315","27,080359",60,"3,283333","174,833333",",869717","46,353396",,5,10,3,"7,333333","153,333333","2,566667","53,666667",113,"15,017699","289,646018","4,027213","79,152752",,,11,25,"11,96",145,"3,14072","39,149288",95,"15,294737","280,736842","4,221995","79,323036",,5,28,24,"6,291667","291,25","1,776813","82,217073",74,"10,364865","479,391892","2,956228","136,775229",,24,58,20,"6,9","207,25","1,749419","51,326223",29,"10,37931","363,448276","2,791225","98,692231",,,1,1,20,590,7,"206,5",129,"66,44186","2028,992248","17,808958","544,014129",
7710019,58,5,,,,,,,53,"1,566038","47,075472",",493127","14,843947",,,,,,,,,58,"7,017241","204,827586","2,141339","63,131722",,36,17,1,2,120,",538462","32,307692",4,"3,75",210,"1,054094","58,947368",,2,2,6,"6,166667",185,"1,670893","50,126781",48,"11,145833","334,375","3,547076","106,412281",,,12,1,2,90,",7","31,5",45,"2,311111","131,333333",",700449","39,937334",,,1,4,"3,75","142,5","1,3125","49,875",53,"7,509434","362,830189","2,269268","108,886547",,,5,2,4,125,"1,4","43,75",51,"24,980392","350,490196","7,558949","106,468628",,2,6,6,5,290,"1,613889","93,333333",44,"10,363636","556,590909","3,11994","168,183509",,4,2,2,"6,5",195,"1,778226","53,346774",50,"10,44","313,5","3,227681","96,935436",,,,,,,,,58,"52,155172","1981,551724","15,941944","607,046962",
7710020,119,119,,,,,,,,,,,,,34,5,2,2,30,",411765","6,176471",78,"1,474359","52,307692",",426938","15,118312",,113,2,2,2,120,",55",33,2,"3,5",210,",827342","49,640523",,14,49,24,5,165,"1,377364","45,890363",32,"8,125","296,25","2,245502","81,704171",,55,21,9,"2,111111",90,",624147","26,336601",34,"4,882353","274,411765","1,302201","73,297653",,,60,35,"4,657143","138,857143","1,351035","40,636974",24,"6,375","202,5","1,805341","57,799032",,,1,1,11,165,"3,85","57,75",117,"14,538462","314,188034","4,14016","89,889966",,51,30,20,"4,75",279,"1,433625","83,771655",18,6,360,"1,790683","107,440959",,104,2,2,4,165,"1,278846","50,480769",11,"8,909091",375,"2,274134","95,119727",,,4,21,"29,047619","883,809524","8,388151","255,675382",94,"53,968085","1942,446809","15,030436","537,234985",
7710021,113,3,,,,,,,110,"1,018182","15,727273",",322907","4,961953",,,,,,,,,113,"16,902655","577,168142","5,315579","182,026417",,106,1,2,3,140,"1,05",49,4,4,200,"1,291379","64,568966",,89,5,9,"6,333333",190,"1,618424","48,552713",10,"7,1",213,"2,118113","63,543378",,75,16,2,2,100,",617647","30,882353",20,"7,35",209,"2,05157","58,997866",,13,24,20,"2,4","130,5",",778314","42,13168",56,"5,946429","311,785714","1,828282","95,829343",,,13,45,"4,977778","141,222222","1,506491","43,316741",55,"7,8","224,272727","2,559047","72,977474",,1,15,40,"8,95",291,"2,995911","96,929665",57,"12,807018","431,842105","3,714272","129,974534",,7,63,1,4,150,"1,4","52,5",42,"6,714286","382,857143","2,107112","120,044397",,,,1,20,630,7,"220,5",112,"53,776786","1721,741071","16,283221","520,003729",
7710022,138,11,,,,,,,127,"1,181102","28,818898",",351025","8,682286",,,50,1,2,30,",518519","7,777778",87,"2,448276","85,517241",",717094","24,946816",,117,9,2,2,120,",60926","36,555556",10,3,208,",88427","61,561874",,7,85,17,"3,647059","173,529412","1,029367","48,913879",29,"5,724138","280,344828","1,62484","79,816092",,33,47,5,2,97,",572851","27,864734",53,"2,584906","161,603774",",725476","45,427699",,,9,15,"5,333333",156,"1,673086","48,853086",114,"13,921053","376,842105","3,984243","109,500938",,,59,36,"5,222222","145,833333","1,631984","45,48801",43,"16,046512","306,744186","4,419521","84,317683",,,2,29,"4,862069","291,724138","1,555108","93,306513",107,"7,859813","483,084112","2,306897","141,768625",,82,8,26,"3,653846","174,807692","1,004027","47,154032",22,"7,272727","253,636364","2,212715","81,305853",,,2,22,"21,772727","791,363636","6,939899","252,147306",114,"45,894737","1615,087719","13,143952","462,162832",
7710023,94,16,,,,,,,78,"1,192308","36,346154",",349365","10,800105",,9,,3,2,30,",616202","9,243034",82,"2,646341","71,402439",",776512","21,069365",,90,,1,1,100,",35",35,3,2,200,",741176","74,117647",,1,23,25,"3,4","166,8","1,030359","50,502613",45,"4,555556","220,666667","1,405482","67,419899",,1,14,2,2,105,",60926","31,986111",77,"3,064935","167,142857",",885956","48,518731",,,2,1,5,140,"1,458333","40,833333",91,"6,054945","310,10989","1,826339","93,71354",,,,,,,,,94,"22,010638","632,5","6,425764","185,722127",,,1,12,"5,916667","311,25","1,886759","99,613889",81,"7,382716","397,222222","2,191418","117,910451",,,13,22,"3,272727","183,409091",",851075","47,993549",59,"5,59322","354,152542","1,677802","104,644492",,,,1,15,660,"5,25",231,93,"61,064516","2159,731183","17,211926","610,729816",
7710024,120,,,,,,,,120,"2,325","36,5",",650145","10,18281",,20,,5,1,30,",291979","8,759387",95,"1,831579","86,578947",",490004","23,38187",,104,4,3,2,120,",518519","31,111111",9,"3,888889","227,222222","1,077384","63,384857",,7,32,33,"6,272727","194,393939","1,638059","50,464031",48,8,"259,6875","2,19066","70,980137",,5,33,,,,,,82,"2,085366","125,121951",",55866","33,519592",,,,,,,,,120,"33,366667","1487,625","9,001682","400,674555",,,,,,,,,120,"27,75","541,416667","7,606208","149,207302",,4,,30,"5,533333","283,833333","1,566193","80,834353",86,"24,686047","968,488372","6,664625","263,28137",,13,95,5,"4,2",150,"1,268235","46,447059",7,"7,857143","288,571429","2,12144","78,860566",,,1,4,"36,5",1170,"8,379412","268,985294",115,"52,982609","2102,217391","14,165661","563,367405",
7710025,252,,,,,,,,252,"2,063492","61,329365",",67852","20,154209",,,,,,,,,252,"2,329365","113,769841",",764021","37,287644",,205,7,29,2,100,",698002","34,900083",11,3,150,",95101","47,550505",,21,42,43,"3,093023",155,"1,050079","52,62606",146,"5,253425","266,130137","1,684401","85,304548",,95,34,,,,,,123,"2,528455","151,707317",",827983","49,678953",,1,3,,,,,,248,"6,233871","377,056452","2,04574","123,36481",,,1,5,"7,2",151,"2,374815","50,218519",246,"10,504065","304,430894","3,413288","99,407072",,2,2,5,"6,4",273,"1,913334","81,666667",243,"12,135802","528,888889","3,999472","174,260356",,226,7,4,4,"131,25","1,4","45,9375",15,"8,4","299,666667","2,501954","88,911184",,,11,42,"21,428571","766,428571","7,207586","257,832846",199,"40,939698","1564,070352","12,96362","494,918443",
7710026,33,,,,,,,,33,1,30,",312132","9,363973",,,,,,,,,33,"2,69697","144,545455",",822088","44,269697",,22,,,,,,,11,"2,909091","204,545455",",919192","64,661616",,13,,3,"5,333333",160,"1,654938","49,648148",17,"7,235294","217,058824","2,10976","63,29281",,,,,,,,,33,7,400,"2,135196","122,603704",,,,,,,,,33,"9,787879","311,060606","3,001594","95,332379",,,,,,,,,33,"18,272727","713,181818","5,651223","221,089226",,,,,,,,,33,"6,242424","409,545455","1,933524","127,770034",,18,1,,,,,,14,"7,285714","351,428571","2,238889","107,444444",,,,,,,,,33,"77,30303","2394,545455","23,650337","732,396801",
7710027,101,,,,,,,,101,"1,316832","24,356436",",354183","6,550754",,,2,,,,,,99,"4,40404","145,30303","1,174164","38,99953",,90,,,,,,,11,3,180,",773411","46,404635",,9,5,38,"6,5",195,"1,701555","51,046657",49,"8,734694","262,040816","2,211827","66,354808",,3,10,7,2,"94,285714",",513944","24,124183",81,"3,728395","166,728395",",986917","43,937774",,,2,6,4,135,"1,086855","37,175109",93,"6,258065","296,935484","1,672306","79,29224",,,,3,"8,333333","161,666667","2,916667","56,583333",98,"13,408163","316,683673","3,533938","84,016134",,4,,7,"5,142857","274,285714","1,722222","92,111111",90,7,360,"1,859179","95,614915",,84,4,2,5,240,"1,216231","55,01634",11,"6,545455","321,818182","1,537636","80,740196",,,,,,,,,101,"66,950495",2250,"17,268772","580,627469",
7710028,158,8,,,,,,,150,"1,446667","30,9",",44091","9,407435",,14,,18,1,30,",310718","9,321532",126,"3,15873","109,642857",",955622","33,167414",,134,,8,"2,75","131,25",",797917","38,15625",16,"3,625","189,375","1,201828","62,21409",,60,31,40,"4,875","163,875","1,436012","47,995977",27,"6,555556","242,407407","1,930864","71,093599",,10,31,33,"2,424242","95,454545",",807062","31,924873",84,"5,119048","245,833333","1,412752","67,15832",,,13,76,"4,407895","152,894737","1,353236","46,831929",69,"6,782609","224,202899","1,996544","66,304152",,,,2,8,175,"2,510721","54,922027",156,"13,769231","365,641026","4,142595","110,72099",,2,53,31,"5,548387","290,806452","1,721157","90,189185",72,"8,611111","438,541667","2,566056","130,627631",,48,85,6,"2,833333","133,333333",",991667","46,666667",19,"9,578947","871,578947","2,75594","246,436447",,,16,21,28,"881,666667","7,888047","248,992565",121,"51,041322","1718,347107","15,090448","507,656224",
7710029,235,107,,,,,,,128,"1,085938","16,289063",",335431","5,031464",,1,3,1,1,30,",35","10,5",230,"2,873913","83,804348",",902559","26,245543",,198,27,,,,,,10,"4,1",219,"1,315093",70,,71,16,50,"3,62","170,2","1,090248","51,275032",98,"5,265306","247,142857","1,649689","77,385684",,93,79,1,2,90,",518519","23,333333",62,"2,322581","138,870968",",683009","40,855077",,,1,2,"3,5","142,5","1,088889","43,75",232,"26,905172","832,974138","8,287564","256,66617",,2,,2,3,"157,5",",697713","36,830066",231,"20,675325","451,753247","6,40443","140,580615",,2,7,5,5,300,"1,568518","94,111111",221,"9,144796","548,687783","2,876439","172,586337",,165,22,12,"4,583333","156,25","1,422145","48,7375",36,"6,5",255,"2,00557","78,485996",,,,12,"31,75",805,"9,985803","251,102315",223,"73,376682","2130,964126","22,463271","651,042142",
7710030,291,,,,,,,,291,"2,95189","43,62543",",921504","13,622846",,,25,82,2,30,",636788","9,551814",184,"6,103261","127,744565","1,902327","40,027562",,245,6,,,,,,40,2,150,",652072","48,905358",,12,40,71,"4,859155","145,774648","1,466662","43,999868",168,"7,684524","230,714286","2,375602","71,330567",,23,22,20,"2,45","97,5",",705557","27,773576",226,"4,110619","190,309735","1,278257","59,520722",,1,4,18,"3,277778","144,166667",",976813","43,089432",268,"4,902985","244,533582","1,543682","77,436947",,,,,,,,,291,"24,766323","552,250859","7,700131","171,740699",,1,3,4,5,290,"1,569853","90,691177",283,"8,855124","505,759717","2,794499","159,654211",,,40,51,"4,588235","159,705882","1,403712","49,026587",200,"8,05","285,45","2,490146","88,23332",,,15,74,"27,702703","829,527027","8,973708","268,125917",202,"46,60396","1367,524752","13,961186","409,133465",
7710031,189,5,,,,,,,184,"1,016304","15,326087",",295502","4,453674",,,,,,,,,189,"3,915344","196,428571","1,122288","56,396325",,166,2,6,3,135,",828134","37,266026",15,"4,4",199,"1,301497","58,917372",,97,28,34,"4,382353","158,823529","1,277008","46,096469",30,"8,6",294,"2,316301","79,827127",,109,7,12,2,"91,25",",589751","26,976294",61,"4,196721","223,52459","1,155914","61,788569",,,2,39,3,165,",955315","52,542331",148,"8,47973","477,972973","2,390779","134,821219",,,,3,"6,333333",165,"2,149123","55,519006",186,"11,747312","293,27957","3,352849","83,753016",,1,2,12,"5,75","303,75","1,491889","78,536271",174,"16,45977","703,189655","4,746591","203,802147",,116,34,19,"5,736842","186,315789","1,582582","50,492972",20,"10,65",396,"2,879951","107,745098",,,5,8,"33,75","1021,875","8,548151","260,384363",176,"63,465909","2309,204545","17,782145","648,857097",
7710032,43,,,,,,,,43,"2,139535","45,697674",",653394","13,91595",,,,1,2,30,",518519","7,777778",42,"4,690476","123,928571","1,429256","37,652902",,29,2,,,,,,12,"2,5",180,",741405","53,181318",,,2,1,4,120,"1,4",42,40,"13,35","701,25","3,864505","204,13388",,2,7,2,2,90,",60926","27,416667",32,"2,21875","128,4375",",645157","37,694299",,,2,,,,,,41,"5,512195","284,02439","1,639943","85,894114",,,,,,,,,43,"11,162791","317,209302","3,385708","95,603854",,2,5,6,"4,666667",270,"1,421605","82,25",30,"6,966667","402,5","2,0646","119,474916",,1,1,1,2,120,",7",42,40,4,"233,25","1,178744","68,770452",,,,,,,,,43,"80,093023","2541,511628","23,483086","746,184155",
7710033,47,,,,,,,,47,"1,340426","20,425532",",437287","6,671012",,,1,,,,,,46,"2,086957","91,630435",",665956","29,533461",,37,1,5,2,120,",7",42,4,3,180,",913889","54,833334",,13,3,12,"5,416667","162,5","1,527315","45,819445",19,6,180,"2,119505","63,585139",,3,9,,,,,,35,"2,542857","152,571429",",810567","48,633987",,,10,9,"3,333333","146,666667","1,126337","49,720165",28,"4,25","240,714286","1,374035","78,041939",,,,,,,,,47,"14,617021","274,148936","4,707822","88,338409",,,1,7,"4,857143","291,428571","1,744118","104,647059",39,"8,461538","439,230769","2,722697","141,412393",,21,13,4,"4,5",170,"1,438889","54,509259",9,"6,666667","248,888889","2,262757","84,691358",,,2,4,21,"847,5","6,658333","268,625",41,"34,04878","1358,780488","10,793517","430,197221",
7710034,568,,,,,,,,568,"2,026408","45,237676",",698545","15,589",,,59,22,3,"35,681818","1,042929","12,406145",487,"5,963039","88,562628","2,037998","30,239615",,515,1,4,2,120,",719445","43,166667",48,3,180,"1,033559","62,013523",,159,9,26,"2,884615","173,076923",",756649","45,398944",374,"3,850267","230,935829","1,340102","80,378058",,132,33,27,2,100,",685322","34,266118",376,"2,75","157,68617",",925653","53,102631",,,,,,,,,568,"29,674296","444,480634","10,195614","153,239345",,,1,14,"14,714286","162,857143","5,15",57,553,"20,164557","346,690778","6,922521","118,997766",,,7,54,"6,407407","313,518519","2,247027","109,949805",507,"11,317554","552,218935","3,895487","190,080036",,368,17,37,"2,324324",150,",813514","52,5",146,"5,90411","319,931507","1,946607","105,421636",,,10,45,"22,8","759,444444","7,918226","263,578258",513,"40,179337","1426,676413","13,792397","489,623486",
7710035,60,1,,,,,,,59,"1,033898","47,033898",",324129","14,763773",,9,3,3,1,30,",319753","9,592593",45,2,107,",637847","34,296691",,58,,1,2,120,",466667",28,1,3,180,1,60,,20,8,20,"5,05",159,"1,585855","49,932298",12,"7,083333",220,"2,128889","66,315344",,9,23,,,,,,28,"2,607143","156,428571",",78336","47,001593",,1,,,,,,,59,"22,576271","666,355932","7,016116","205,631236",,,,2,"4,5",165,"1,575","57,75",58,"10,137931","347,586207","3,1311","107,073176",,,9,12,"3,583333","287,5","1,162255","92,948529",39,"5,717949","464,615385","1,747364","142,537526",,50,5,2,4,120,"1,4",42,3,"8,333333",340,"2,265701","91,304348",,,,13,"28,230769","868,846154","8,612067","266,819013",47,"50,12766","1598,93617","15,253114","485,928377",
7710036,132,1,,,,,,,131,"1,061069","32,290076",",337629","10,270148",,40,,10,1,40,",322778","12,911111",82,"1,378049","60,182927",",428379","18,719465",,124,1,,,,,,7,"2,571429","192,857143",",758356","56,876694",,37,35,17,"3,294118","144,705882","1,088889","47,764706",43,"9,093023","326,162791","2,738307","98,41531",,119,9,1,3,90,"1,05","31,5",3,5,150,"1,221569","36,647059",,3,8,1,2,120,",518519","31,111111",120,"25,891667","855,5","8,156519","269,398622",,,4,30,"8,5",158,"2,865851","53,561976",98,"27,540816","500,306122","8,135875","148,705952",,2,6,2,4,240,"1,238462","74,307693",122,"6,655738","399,344262","2,125734","127,544029",,127,2,,,,,,3,3,250,",857843","70,205882",,,2,13,"23,538462",785,"7,756838","258,940171",117,"41,435897","1416,837607","12,745009","436,244537",
7710037,92,,,,,,,,92,"2,206522","47,119565",",722509","15,437629",,,,,,,,,92,"4,25","172,98913","1,398013","56,947136",,78,8,,,,,,6,6,"209,166667","2,009259","70,032407",,54,3,9,"4,888889","146,666667","1,569959","47,098765",26,"7,730769","231,923077","2,49795","74,938491",,8,64,,,,,,20,"3,3","205,5","1,047756","65,490365",,,3,5,"4,8",162,"1,694737","57,307895",84,"6,642857","371,488095","2,147139","120,043012",,,,23,"9,130435","166,304348","3,158335","57,539558",69,"12,898551","242,608696","4,106807","77,529705",,,4,4,"11,5",310,"3,664706","98,231618",84,"25,369048","876,130952","8,347594","289,338314",,48,1,,,,,,43,"5,883721","336,976744","1,895462","108,111427",,,,,,,,,92,"63,815217","1821,521739","20,334938","579,819206",
7710038,64,,,,,,,,64,"1,125","16,328125",",368721","5,381944",,2,,,,,,,62,"3,096774",90,"1,019146","29,576165",,62,,1,2,120,",7",42,1,3,150,"1,05","52,5",,2,15,26,"4,769231","143,076923","1,572436","47,173077",21,7,210,"2,29709","68,912698",,9,11,2,2,90,",7","31,5",42,"2,761905","140,714286",",898633","45,494268",,,,1,2,120,",7",42,63,"5,238095","353,809524","1,720988","116,251323",,,,1,7,165,"1,814815","42,777778",63,"9,333333","280,15873","3,077984","92,382863",,2,,1,4,315,"1,037037","81,666667",61,"4,508197","402,786885","1,493503","133,382514",,49,5,4,"3,5","127,5","1,225","44,625",6,"7,5",225,"2,588889","77,666667",,,,5,23,762,"8,05","266,7",59,"40,610169","1361,355932","13,043409","438,379002",
7710039,196,,,,,,,,196,"1,107143","16,607143",",305015","4,575223",,,,,,,,,196,"4,346939","123,979592","1,202547","34,377246",,141,14,1,2,100,",518519","25,925926",40,3,150,",874192","43,709602",,93,11,17,"6,117647","183,529412","1,625627","48,768815",75,"8,173333","245,2","2,153593","64,607781",,20,20,1,2,90,",518519","23,333333",155,"3,458065","171,677419",",923892","46,224486",,,8,9,6,"156,666667","2,04152","53,331871",179,"13,877095","335,837989","3,845075","92,496694",,,1,11,"4,454545","155,454545","1,422749","49,389657",184,"8,918478","318,016304","2,416401","86,315913",,3,,,,,,,193,"18,222798","970,492228","5,043519","268,430633",,123,8,7,7,210,"1,683325","50,499761",58,"12,103448","377,586207","3,247913","101,848688",,,,2,32,960,"9,566667",287,194,"63,974227","1848,453608","17,174292","495,828846",
7710040,56,,,,,,,,56,"2,035714","30,178571",",625408","9,281855",,1,,,,,,,55,"3,236364","108,818182",",996273","33,524208",,54,,,,,,,2,"3,5",210,",936765","56,205883",,4,7,23,"4,130435","169,565217","1,238088","50,573015",22,"6,681818","276,363636","1,933727","79,220714",,21,9,5,2,86,",65709","28,420433",21,"4,47619","242,857143","1,2695","68,809303",,,,2,4,140,"1,218519","42,648148",54,"8,037037","387,12963","2,445321","118,663512",,,,,,,,,56,"17,678571","333,571429","5,3965","102,140475",,3,2,1,5,300,"1,75",105,50,"10,44","626,4","3,172907","190,374433",,,43,6,"5,833333","167,5","1,631554","47,200436",7,"7,571429","310,714286","2,128431","86,400327",,,4,6,"30,833333","916,666667","8,712047","258,684928",46,"50,673913","1519,782609","15,096825","452,875701",
