PDS;ANZ_S;RTS_1.0;RTS_1.1;RTS_1.3;RTS_1.4;RTS_1.9;RTS_2.0;RTS_2.1;RTS_2.3;RTS_2.4;RTS_2.9;RTS_3.0;RTS_3.1;RTS_3.3;RTS_3.4;RTS_3.9;RTS_4.0;RTS_4.1;RTS_4.3;RTS_4.4;RTS_4.9;RTS_5.0;RTS_5.1;RTS_5.3;RTS_5.4;RTS_5.9;RTS_6.0;RTS_6.1;RTS_6.3;RTS_6.4;RTS_6.9;RTS_7.0;RTS_7.1;RTS_7.3;RTS_7.4;RTS_7.9;RTS_8.0;RTS_8.1;RTS_8.3;RTS_8.4;RTS_8.9;RTS_9.0;RTS_9.1;RTS_9.3;RTS_9.4;RTS_9.9;RTS_10.0;RTS_10.1;RTS_10.3;RTS_10.4;RTS_10.9;RTS_11.0;RTS_11.1;RTS_11.3;RTS_11.4;RTS_11.9;RTS_12.0;RTS_12.1;RTS_12.3;RTS_12.4;RTS_12.9;RTS_13.0;RTS_13.1;RTS_13.3;RTS_13.4;RTS_13.9;RTS_14.0;RTS_14.1;RTS_14.3;RTS_14.4;RTS_14.9
1666475;145;;10;32;103;;;;58;87;;;;;145;;74;20;;51;;14;74;46;11;;6;109;29;1;;;1;1;143;;;;1;144;;87;;1;57;;;11;17;117;;;;;145;;11;;;134;;;35;4;53;;;26;7;20;
1666476;310;;;;310;;;;7;303;;;;;310;;188;13;8;101;;275;;1;34;;18;4;42;246;;;;;310;;;2;10;298;;50;;;260;;;262;41;7;;;;;310;;287;;;23;;;63;12;101;;;35;36;63;
1666477;80;;;2;78;;;;2;78;;;;;80;;54;3;;23;;49;2;18;11;;;1;11;68;;;;3;77;;;;;80;;9;;2;69;;;;5;75;;;;;80;;42;18;2;18;;;;;45;;;;1;34;
1666478;78;;;2;76;;;3;47;28;;;;;78;;4;;;74;;73;2;2;1;;17;16;14;31;;;;1;77;;;;;78;;;;;78;;;;;78;;1;4;5;68;;2;23;;53;;52;;;;;24;2;;;
1666479;95;;;5;90;;;;6;89;;;8;3;84;;65;4;15;11;;71;9;7;8;;;;;95;;;;;95;;;;;95;;39;2;13;41;;15;;1;79;;;;2;93;;2;;;93;;;11;;43;;;4;1;36;
1666480;117;;;1;116;;;;;117;;;;;117;;92;6;10;9;;89;;4;24;;11;50;9;47;;;1;;116;;;6;23;88;;10;;;107;;;1;14;102;;;;;117;;9;;;108;;;2;3;59;;;13;23;17;
1666481;60;;9;13;38;;;;3;57;;;;;60;;49;1;;10;;37;2;7;14;;12;28;9;11;;;;1;59;;;;;60;;15;;;45;;;;2;58;;;;;60;;3;1;;56;;;;;38;;;;1;21;
1666482;212;;;;212;;;;9;203;;;;1;211;;169;7;;36;;177;4;4;27;;96;5;39;72;;;;;212;;;;;212;;1;;1;210;;;;32;180;;5;1;2;204;;;;;212;;;;;138;;;;;74;
1666483;179;;8;13;158;;;1;22;156;;;;1;178;;62;6;;111;;7;88;40;44;;3;39;40;97;;;1;2;176;;;;;179;;16;;1;162;;;38;29;112;;;;;179;;;3;;176;;;4;7;113;;;2;2;51;
1666484;280;;;8;272;;;;18;262;;;;;280;;51;8;1;220;;114;101;10;55;;30;96;104;50;;;;;280;;;1;2;277;;11;;;269;;2;63;36;179;;;;;280;;2;;;278;;;8;6;177;;;9;20;60;
1666485;216;;1;32;183;;;;53;163;;;;2;214;;158;20;;38;;128;34;27;27;;11;40;42;123;;;8;13;195;;;6;27;183;;12;1;;203;;;1;27;188;;;3;2;211;;2;2;;212;;;;;114;;;;;102;
1666486;434;1;4;1;428;;1;1;5;427;;;3;1;430;;51;201;40;142;;296;2;2;134;;148;76;23;187;;16;49;43;326;;1;201;12;220;;196;15;6;217;;123;77;25;209;;;;;434;;43;4;1;386;;1;78;4;216;;;24;4;107;
1666487;27;;1;7;19;;;2;;25;;;;;27;;5;1;;21;;2;1;;24;;2;16;1;8;;2;;;25;;;1;22;4;;;;;27;;2;;;25;;;;;27;;;;;27;;;;;17;;;1;2;7;
1666488;42;;;3;39;;;;;42;;;;;42;;22;1;;19;;39;3;;;;1;2;8;31;;;;;42;;;;;42;;7;;;35;;;;;42;;;;1;41;;8;;;34;;;3;12;12;;;2;6;7;
1666489;84;;;6;78;;;;3;81;;;;;84;;54;12;1;17;;73;2;;9;;;12;13;59;;;6;17;61;;;;;84;;3;;;81;;;;10;74;;;1;4;79;;23;11;4;46;;;1;;45;;;6;3;29;
1666490;179;;;;179;;;;70;109;;;1;1;177;;138;10;;31;;143;3;6;27;;40;119;14;6;;;;1;178;;;1;4;174;;;;;179;;;7;75;97;;;1;;178;;150;12;1;16;;;1;3;123;;;3;1;48;
1666491;120;1;;19;100;;1;1;;118;;;;34;86;;79;8;;33;;87;7;3;23;;33;18;13;56;;;13;19;88;;;;1;119;;23;;2;95;;1;3;87;29;;;;1;119;;7;;;113;;;3;;96;;;1;;20;
1666492;38;;;;38;;;1;;37;;;3;5;30;;10;11;2;15;;31;;1;6;;4;5;9;20;;;4;8;26;;;1;1;36;;1;;;37;;;1;;37;;1;;;37;;1;;;37;;;3;2;20;;;;2;11;
1666493;64;;;;64;;;;1;63;;4;31;24;5;;40;9;3;12;;46;1;16;1;;1;42;10;11;;;4;6;54;;;28;23;13;;1;;;63;;;2;11;51;;;;;64;;9;1;;54;;3;14;1;30;;;2;1;13;
1666494;51;1;6;22;22;;;;10;41;;;;;51;;47;2;;2;;30;;2;19;;1;25;11;14;;;;;51;;;;;51;;;;;51;;;;;51;;;;;51;;1;;;50;;;;;36;;;;6;9;
1666495;50;1;1;8;40;;1;;2;47;;;;;50;;35;6;1;8;;41;;2;7;;1;1;13;35;;;20;15;15;;;8;6;36;;4;;1;45;;;2;11;37;;;;;50;;8;;7;35;;;1;1;40;;;2;4;2;
1666496;49;1;7;24;17;;1;5;22;21;;;11;18;20;;32;3;;14;;37;3;1;8;;1;19;4;25;;;9;8;32;;12;32;4;1;;49;;;;;;2;9;38;;41;;2;6;;43;;;6;;1;14;14;11;;;4;3;2;
1666497;30;;;;30;;;1;2;27;;;;;30;;10;9;1;10;;19;1;1;9;;;;;30;;;;;30;;;;;30;;10;1;;19;;;;3;27;;;;;30;;;1;;29;;;;1;28;;;;;1;
1666498;38;;1;9;28;;;;1;37;;;;1;37;;9;4;3;22;;35;;;3;;1;;;37;;1;;1;36;;1;;1;36;;;;;38;;1;;;37;;1;;;37;;2;;;36;;;1;;29;;;;;8;
1666499;33;;;2;31;;;;6;27;;;7;5;21;;28;3;1;1;;29;1;1;2;;4;17;5;7;;;8;2;23;;6;12;;15;;5;;;28;;;3;8;22;;19;5;5;4;;27;2;2;2;;1;7;5;9;;;7;3;1;
1666500;82;;7;25;50;;;1;11;70;;;;;82;;2;26;19;35;;58;2;10;12;;10;17;30;25;;;4;3;75;;;1;6;75;;;;1;81;;;;1;81;;3;1;4;74;;5;;;77;;;5;5;58;;;2;1;11;
1666501;100;2;;1;97;;2;;2;96;;1;;;99;;38;22;11;29;;78;3;1;18;;12;32;25;31;;1;3;8;88;;1;7;5;87;;1;;;99;;2;1;8;89;;2;1;5;92;;2;3;;95;;1;;1;83;;;;;15;
1666502;84;3;;5;76;;11;12;;61;;;1;4;79;;53;7;2;22;;17;31;6;30;;10;10;15;49;;1;12;8;63;;1;16;3;64;;2;;;82;;1;1;;82;;5;1;7;71;;3;;;81;;;;;68;;;;;16;
1666503;47;;3;6;38;;;;;47;;;;3;44;;39;1;;7;;38;;1;8;;8;16;7;16;;;4;4;39;;;;13;34;;9;2;;36;;2;7;10;28;;;;;47;;6;;;41;;;1;;30;;;;;16;
1666504;46;;;;46;;;;1;45;;;;;46;;30;1;;15;;31;2;3;10;;;;5;41;;;;1;45;;;;;46;;12;;;34;;;;8;38;;;3;1;42;;4;8;;34;;;;;42;;;;;4;
1666505;109;2;32;31;44;;;;7;102;;;;;109;;87;3;;19;;91;5;2;11;;;34;30;45;;;6;7;96;;;;;109;;27;14;;68;;5;54;30;20;;;;;109;;3;;;106;;;10;5;68;;;9;4;13;
1666506;231;;8;20;203;;;;12;219;;;;;231;;165;12;10;44;;83;88;17;43;;1;42;53;135;;;;1;230;;;1;3;227;;16;3;7;205;;;;10;221;;;;2;229;;19;;6;206;;;4;3;163;;;2;16;43;
1666507;54;2;24;16;12;;;11;26;17;;;12;3;39;;47;6;;1;;54;;;;;4;3;7;40;;6;3;3;42;;;24;5;25;;26;;;28;;47;2;2;3;;5;1;7;41;;17;;1;36;;1;5;2;35;;;;2;9;
1666508;92;;7;11;74;;;16;36;40;;;17;19;56;;66;11;4;11;;63;17;12;;;41;41;6;4;;1;10;10;71;;;16;21;55;;1;6;;85;;;10;37;45;;6;6;6;74;;38;2;;52;;16;7;3;36;;5;3;5;17;
1666509;239;;;1;238;;;;7;232;;;;1;238;;137;46;7;49;;182;10;6;41;;16;86;68;69;;;10;13;216;;;;;239;;80;1;4;154;;;13;48;178;;;;;239;;3;3;;233;;;22;14;167;;;2;;34;
1666510;245;;6;31;208;;;;19;226;;;;;245;;179;19;8;39;;219;;1;25;;;40;37;168;;;2;4;239;;;8;38;199;;1;;;244;;;1;12;232;;;;;245;;65;20;;160;;;3;;192;;;4;;46;
1666511;378;;3;55;320;;;;;378;;;1;26;351;;288;27;17;46;;292;3;4;79;;52;63;92;171;;;8;23;347;;;7;36;335;;54;6;11;307;;;3;96;279;;;;;378;;;;;378;;;;;289;;;7;11;71;
1666512;41;;1;3;37;;;;4;37;;;;;41;;21;5;;15;;29;11;1;;;1;6;9;25;;;1;5;35;;;;1;40;;;;;41;;;8;17;16;;1;2;;38;;7;;;34;;;4;;29;;;1;;7;
1666513;142;;4;2;136;;3;1;51;87;;;4;27;111;;110;23;4;5;;138;1;1;2;;77;28;18;19;;;14;15;113;;;56;78;8;;97;;2;43;;;10;6;126;;36;3;19;84;;11;23;8;100;;3;;;113;;4;;;22;
1666514;130;;1;10;119;;;2;18;110;;;30;23;77;;87;17;7;19;;97;3;2;28;;11;49;38;32;;1;;3;126;;1;2;2;125;;15;;;115;;3;25;7;95;;;;;130;;12;1;;117;;;;;97;;;;;33;
1666515;43;;;;43;;;;;43;;;;;43;;28;3;1;11;;35;6;1;1;;;1;;42;;1;5;4;33;;;13;14;16;;;;;43;;;;;43;;;6;3;34;;;;;43;;;;;36;;;;;7;
1666516;115;;;2;113;;;;2;113;;;;;115;;49;22;2;42;;26;58;10;21;;5;71;38;1;;;2;4;109;;;29;27;59;;23;;;92;;2;108;4;1;;;;4;111;;15;1;;99;;;;;97;;;;;18;
1666517;261;;4;32;225;;;6;2;253;;;97;49;115;;12;4;;245;;238;;1;22;;2;115;80;64;;2;20;12;227;;;6;114;141;;23;;4;234;;6;3;23;229;;;;;261;;73;;;188;;;4;1;199;;;1;8;48;
1666518;59;;1;;58;;;;6;53;;;;;59;;30;9;11;9;;6;6;29;18;;1;16;5;37;;1;;1;57;;;;4;55;;;;;59;;;4;11;44;;;;;59;;;;;59;;;4;;51;;;2;;2;
1666519;62;;2;5;55;;;;;62;;;;;62;;32;12;4;14;;56;;1;5;;;4;39;19;;;3;1;58;;;;;62;;;;;62;;;8;24;30;;2;6;4;50;;13;5;;44;;;;;50;;;;;12;
1666520;28;;2;;26;;;;14;14;;;;;28;;20;4;1;3;;19;9;;;;10;4;3;11;;;;1;27;;;;;28;;;;;28;;;;4;24;;;;;28;;1;;;27;;;;;10;;;;;18;
1666521;169;;;4;165;;;;;169;;;;;169;;3;;31;135;;139;7;6;17;;;1;12;156;;;;1;168;;;;;169;;;;;169;;;2;2;165;;;;;169;;1;3;;165;;;1;1;113;;;;2;52;
1666522;92;1;;4;87;;;;;92;;;;;92;;86;;;6;;92;;;;;3;41;48;;;1;10;12;69;;;;;92;;1;;;91;;;;3;89;;;3;5;84;;;1;;91;;;;;42;;;;;50;
1666523;26;;;;26;;;;1;25;;;;;26;;;1;;25;;6;3;5;12;;;;16;10;;;1;2;23;;;3;9;14;;;;;26;;;;1;25;;;2;5;19;;6;;;20;;;;1;11;;;;2;12;
1666524;132;;;;132;;1;;;131;;;1;;131;;1;110;;21;;111;8;2;11;;1;58;23;50;;1;1;3;127;;;1;;131;;1;;;131;;1;;;131;;;;1;131;;;2;;130;;;;;58;;;4;4;66;
1666525;46;;;;46;;;;4;42;;;;;46;;31;3;2;10;;39;;1;6;;;11;7;28;;;;;46;;;;;46;;;;;46;;;;;46;;;;1;45;;;1;;45;;;;;16;;;;;30;
1666526;136;;2;38;96;;;;10;126;;;;;136;;86;13;1;36;;113;7;6;10;;55;22;9;50;;;;;136;;;;;136;;;;;136;;;;;136;;;;;136;;33;;4;99;;1;22;5;36;;;39;5;28;
1666527;107;2;30;17;58;;;;;107;;;;3;104;;58;2;27;20;;83;6;18;;;;2;4;101;;;;3;104;;;;1;106;;12;;4;91;;;3;13;91;;26;6;11;64;;23;;4;80;;;;;73;;;;1;33;
1666528;110;;10;14;86;;;2;1;107;;;;;110;;89;6;1;14;;30;1;42;37;;;39;36;35;;;;;110;;;1;1;108;;3;6;2;99;;;2;18;90;;;;;110;;6;5;17;82;;;;;80;;;1;;29;
1666529;99;;;9;90;;;;;99;;;;;99;;55;14;;30;;78;3;1;17;;16;22;10;51;;;;1;98;;;;2;97;;15;;1;83;;;;2;97;;;;1;98;;3;;;96;;;;1;67;;;;3;28;
1666530;135;1;;;134;;;1;;134;;;;8;127;;90;16;5;24;;95;6;22;12;;32;50;20;33;;1;1;;133;;;1;;134;;56;;;79;;1;1;3;130;;2;1;16;116;;9;2;;124;;;6;7;91;;;1;2;28;
1666531;36;3;1;6;26;;1;6;11;18;;;;;36;;25;4;;7;;30;;5;1;;19;10;2;5;;1;2;2;31;;;19;16;1;;;;;36;;;;1;35;;;;;36;;;1;;35;;;7;7;4;;;18;;;
1666532;268;;2;18;248;;;;26;242;;;;;268;;184;33;25;26;;216;12;8;32;;71;100;29;68;;4;17;38;209;;;;3;265;;14;;4;250;;;14;18;236;;;;;268;;42;11;2;213;;;14;3;180;;;6;14;51;
1666533;253;2;10;26;215;;12;3;2;236;;;1;8;244;;179;14;1;59;;200;11;10;32;;99;69;73;12;;;7;34;212;;14;1;2;236;;74;;;179;;13;5;45;190;;9;;2;242;;50;1;;202;;24;4;7;124;;7;4;13;70;
1666534;119;2;8;13;96;;;;21;98;;;;4;115;;85;18;3;13;;83;36;;;;2;65;34;18;;;10;8;101;;;12;27;80;;8;;1;110;;;20;75;24;;7;3;3;106;;30;4;;85;;;3;;84;;;2;1;29;
1666535;128;;;;128;;;;26;102;;;9;23;96;;101;25;1;1;;101;5;;22;;3;26;99;;;;1;3;124;;;;86;42;;2;;;126;;2;1;2;123;;1;;2;125;;5;4;1;118;;;;;74;;;;;54;
1666536;59;;;;59;;;1;35;23;;;13;11;35;;40;11;1;7;;49;5;2;3;;16;18;12;13;;2;13;5;39;;;18;16;25;;16;1;;42;;;;1;58;;;;;59;;14;11;;34;;;1;1;41;;;2;2;12;
1666537;147;1;2;;144;;;;7;140;;;;6;141;;59;39;6;43;;132;2;;13;;1;39;95;12;;1;4;;142;;;;;147;;2;;;145;;;;1;146;;8;;4;135;;2;;3;142;;;1;;110;;;;;36;
1666538;44;;;1;43;;;5;24;15;;;;;44;;33;1;;10;;19;23;2;;;16;6;6;16;;;5;11;28;;;27;5;12;;4;;;40;;;;9;35;;;;;44;;18;6;;20;;;5;;30;;;1;;8;
1666539;30;;;;30;;;1;14;15;;;;;30;;14;2;5;9;;14;8;1;7;;1;1;9;19;;1;2;2;25;;;8;11;11;;24;;;6;;1;1;1;27;;;;;30;;12;2;1;15;;;;;19;;;;;11;
1666540;130;;;27;103;;;;11;119;;;1;6;123;;116;12;;2;;91;1;20;18;;3;33;35;59;;;3;6;121;;;3;3;124;;5;;2;123;;1;5;15;109;;;;;130;;7;;;123;;;;1;101;;;6;1;21;
1666541;185;;;5;180;;;;6;179;;;2;30;153;;135;16;;34;;86;67;5;27;;94;8;12;71;;;2;2;181;;;;1;184;;48;;;137;;;3;15;167;;1;;;184;;9;19;;157;;;7;1;143;;;;;34;
1666542;32;;1;;31;;;;2;30;;;;2;30;;13;4;2;13;;20;4;2;6;;;;3;29;;;2;2;28;;;;;32;;;;;32;;;;3;29;;;;;32;;;;;32;;;1;;21;;;;;10;
1666543;103;;;4;99;;;;5;98;;;;9;94;;53;14;1;35;;74;;;29;;4;43;37;19;;;1;;102;;;;;103;;32;;;71;;;6;30;67;;;;;103;;5;3;;95;;;;;88;;;;;15;
1666544;31;;;1;30;;;1;8;22;;;;;31;;;9;16;6;;21;;1;9;;;27;4;;;;;1;30;;;;5;26;;;;;31;;;;2;29;;;;;31;;1;7;;23;;;4;2;15;;;4;3;3;
1666545;248;;3;4;241;;;1;42;205;;1;;;247;;123;33;17;75;;165;4;18;61;;35;49;103;61;;;1;;247;;1;;;247;;30;;18;200;;2;6;75;165;;18;2;5;223;;25;11;;212;;;14;2;152;;;8;4;68;
1666546;47;;;;47;;;;8;39;;;;3;44;;26;1;9;11;;15;1;;31;;2;4;20;21;;;;1;46;;;;;47;;2;;;45;;;;;47;;;3;2;42;;;1;;46;;;;;21;;;;;26;
1666547;66;;17;29;20;;;;8;58;;;2;11;53;;49;9;5;3;;16;24;26;;;12;41;10;3;;;2;;64;;;1;4;61;;1;;;65;;1;39;9;17;;2;9;10;45;;;;;66;;;;1;49;;;2;3;11;
1666548;159;;;7;152;;;;;159;;;;;159;;84;10;1;64;;110;20;13;16;;;;;159;;;1;;158;;;;;159;;;;;159;;;;11;148;;;;1;158;;;;;159;;;;;119;;;;;40;
1666549;119;1;5;22;91;;1;;65;53;;;1;;118;;108;;;11;;107;1;3;8;;;;17;102;;;;;119;;;;2;117;;2;;1;116;;;;;119;;1;;2;116;;101;6;;12;;;;;95;;;;4;20;
1666550;117;;;1;116;;;1;;116;;1;;;116;;87;20;8;2;;94;;2;21;;5;26;52;34;;;;2;115;;;4;1;112;;1;;1;115;;;4;5;108;;5;;21;91;;6;4;;107;;1;8;5;73;;;9;6;15;
1666551;106;;2;6;98;;;1;5;100;;;;;106;;11;5;;90;;66;6;3;31;;4;5;4;93;;;;;106;;;;1;105;;;;;106;;;;4;102;;1;;1;104;;9;;;97;;;11;3;28;;;24;14;26;
1666552;37;;1;2;34;;;29;4;4;;1;22;8;6;;35;1;;1;;36;;;1;;13;17;5;2;;1;17;5;14;;;4;4;29;;5;;;32;;;25;10;2;;4;3;5;25;;13;1;;23;;;;;19;;;1;;17;
1666553;31;;;;31;;;;3;28;;;;;31;;23;2;;6;;26;;;5;;10;21;;;;;3;4;24;;;1;27;3;;6;;;25;;1;15;6;9;;;;;31;;10;1;;20;;;;;20;;;;;11;
1784718;77;1;31;7;38;;;24;4;12;;4;9;21;83;;;1;19;97;;;;;117;;68;9;2;38;;19;32;55;11;;8;80;24;5;;;1;;116;;;;;117;;85;;2;30;;;7;10;100;;1;;;116;;12;;;105;
1784719;167;8;60;6;93;;;30;37;69;;;;;303;;;2;5;296;;;;;303;;211;13;2;77;;265;;1;37;;14;2;30;257;;;;;303;;;2;9;292;;89;;;214;;;273;25;5;;;1;2;300;;287;1;1;14;
1784720;32;;;;32;;;;;37;;;;;69;;;;1;68;;;;;69;;49;5;1;14;;45;1;2;21;;;5;5;59;;;;;69;;;;;69;;8;;;61;;;;2;67;;;;;69;;;;;69;
1784721;38;34;3;1;;;26;2;;;;;3;5;58;;;3;60;3;;;;;66;;15;4;;47;;61;2;1;2;;2;19;25;20;;;;;66;;1;;4;61;;;;;66;;;1;;65;;;2;5;59;;2;23;;41;
1784722;42;;1;;41;;;2;;38;;;;3;79;;;1;3;78;;;1;;81;;57;6;3;16;;44;19;2;17;;;;;82;;;1;;81;;;;;82;;24;;2;56;;3;;;79;;;;;82;;4;6;;72;
1784723;67;;1;4;62;;;2;23;20;;;;1;111;;;;;112;;;;;112;;88;3;1;20;;97;2;3;10;;13;58;7;34;;;;;112;;;7;25;80;;11;;;101;;;;9;103;;;;1;111;;23;1;;88;
1784724;22;;;;22;;;1;2;24;;;;8;41;;;;2;47;;;;;49;;40;3;;6;;38;3;2;6;;10;12;10;17;;;;;49;;;;;49;;2;;1;46;;;;3;46;;;;;49;;6;1;;42;
1784725;129;;;;129;;;2;;57;;;;;188;;;;13;175;;;;;188;;118;22;2;46;;133;5;1;49;;81;11;30;66;;;;;188;;;;;188;;2;;;186;;;;9;179;;1;;;187;;1;;;187;
1784726;126;;2;3;121;;;7;4;52;;;6;15;168;;;4;24;161;;;;1;188;;74;10;;105;;;3;127;59;;4;74;53;58;;4;4;19;162;;;;;189;;14;;;175;;;42;33;114;;;;;189;;1;;;188;
1784727;149;;;9;140;;;25;18;26;;;1;10;207;;;1;11;206;;;;;218;;61;5;1;151;;74;105;4;35;;6;54;54;104;;;;;218;;;;;218;;19;;;199;;;4;9;205;;1;;;217;;;;;218;
1784728;113;;;;113;;;1;2;96;;;2;16;194;;;3;44;165;;;1;6;205;;177;9;1;25;;115;26;32;39;;4;29;60;119;;1;20;12;179;;;4;14;194;;21;2;3;186;;1;1;23;187;;1;5;2;204;;6;8;;198;
1784729;294;;69;6;219;;;28;6;101;;;5;6;418;;;2;2;425;;;1;;428;;24;182;40;183;;284;2;5;138;;153;72;35;169;;10;61;50;308;;;8;5;416;;84;8;2;335;;87;102;24;216;;1;;2;426;;13;2;;414;
1784730;23;;;;23;;;1;3;15;;;2;7;33;;2;2;;38;;;;2;40;;11;2;;29;;2;3;;37;;2;30;4;6;;2;;;40;;;;36;6;;2;;;40;;2;;;40;;;;;42;;;;;42;
1784731;37;;;;37;;;2;5;7;;;;9;42;;;;;51;;;;;51;;39;5;;7;;43;1;2;5;;;;;51;;;;;51;;;;;51;;5;;;46;;;;;51;;;6;8;37;;18;;1;32;
1784732;60;;1;2;57;;;5;;33;;;3;6;89;;;;4;94;;;;;98;;67;8;1;22;;80;4;1;13;;;3;8;87;;;5;11;82;;;1;;97;;4;;2;92;;;1;7;90;;1;;3;94;;27;4;;67;
1784733;136;;7;5;124;;;3;3;35;;1;;;176;;;;77;100;;;;;177;;121;7;4;45;;135;3;5;34;;27;54;65;31;;;;2;175;;;;;177;;3;;;174;;;5;63;109;;;;;177;;95;8;3;71;
1784734;93;;1;;92;;;;1;22;;2;;11;103;;2;2;;112;;1;1;18;96;;77;2;1;36;;90;1;6;19;;26;21;15;54;;;6;12;98;;;1;;115;;12;;1;103;;2;2;28;84;;;;1;115;;5;;;111;
1784735;25;;7;1;17;;;;;8;;;1;1;31;;;;1;32;;;3;8;22;;4;11;5;13;;25;1;;7;;6;7;5;15;;;1;5;27;;;;2;31;;;;;33;;;;;33;;;;;33;;;;;33;
1784736;57;1;11;;45;;;1;;7;;;;1;64;;;;1;64;;3;39;20;3;;54;3;6;2;;50;3;11;1;;2;33;10;20;;3;1;7;54;;1;27;12;25;;6;;;59;;;3;22;40;;2;;;63;;10;4;;51;
1784737;39;;;;39;;;;8;7;;;3;16;35;;;1;28;25;;;;;54;;51;3;;;;39;;;15;;7;29;9;9;;;1;;53;;;;;54;;1;;;53;;;;;54;;;;;54;;4;;;50;
1784738;37;;1;4;32;;;7;2;;;;;1;45;;;;;46;;;;;46;;29;;;17;;39;3;;4;;;;24;22;;;1;9;36;;;;;46;;3;;;43;;;;7;39;;;;;46;;6;;;40;
1784739;26;;2;2;22;;;2;1;4;;;5;18;10;;;2;9;22;;3;15;7;8;;30;2;1;;;29;1;2;1;;;9;6;18;;;4;3;26;;9;20;;4;;21;;;12;;;12;12;9;;25;5;1;2;;25;;;8;
1784740;33;;;;33;;;;;7;;;;;40;;;;;40;;;;;40;;16;18;;6;;25;;4;11;;;;;40;;;;;40;;;;;40;;37;;;3;;;;5;35;;;;;40;;;;;40;
1784741;32;;;;32;;;;;13;;;;9;36;;;;1;44;;;;;45;;15;6;;24;;44;;;1;;;;;45;;;;;45;;;2;3;40;;5;;;40;;;;;45;;;;;45;;2;2;6;35;
1784742;41;;3;2;36;;;4;3;16;;;;1;63;;;;4;60;;;22;19;23;;59;2;2;1;;48;2;1;13;;;38;8;18;;;1;2;61;;;2;13;49;;10;;4;50;;;;1;63;;13;19;13;19;;10;33;;21;
1784743;35;1;5;1;28;;;3;2;5;;1;1;7;36;;1;;2;42;;;1;1;43;;5;13;7;20;;32;3;2;8;;5;11;8;21;;;2;1;42;;;;3;42;;1;;;44;;1;;;44;;4;1;2;38;;4;;;41;
1784744;76;;;;76;;;;;18;;;;;94;;;;3;91;;;;2;92;;25;30;9;30;;71;4;1;18;;7;38;18;31;;;4;11;79;;;1;2;91;;8;1;1;84;;;2;2;90;;2;1;2;89;;3;1;;90;
1784745;50;;;;50;;;;;13;;;;2;61;;18;38;2;5;;;5;8;50;;46;4;4;9;;41;4;1;17;;21;19;8;15;;1;24;12;26;;;36;12;15;;1;;;62;;1;;;62;;;;;63;;;;;63;
1784746;22;;;;22;;;;;3;;;5;11;9;;1;1;;23;;;1;;24;;25;;;;;16;;;9;;1;3;21;;;;;;25;;;2;5;18;;1;;;24;;;;;25;;;;;25;;;25;;;
1784747;20;;;;20;;;;1;11;;;;1;31;;;;;32;;;;1;31;;30;1;;1;;25;1;1;5;;3;9;7;13;;;;3;29;;;;19;13;;22;;;10;;;;3;29;;;;;32;;1;;;31;
1784748;56;;;;56;;;;;10;;;;;66;;;;2;64;;;;;66;;46;;1;19;;42;3;2;19;;;;;66;;;;;66;;;;;66;;19;;;47;;;1;13;52;;;4;;62;;2;4;;60;
1784749;65;;12;3;50;;;8;4;16;;;14;19;60;;;;3;90;;;;;93;;72;4;1;16;;63;1;7;22;;1;28;15;49;;1;3;8;81;;;;;93;;15;7;1;70;;1;15;42;35;;;;;93;;;;;93;
1784750;155;;3;7;145;;;5;14;21;;;4;22;169;;;;3;192;;;;;195;;131;11;12;41;;62;38;52;43;;;6;29;160;;;;2;193;;;;;195;;1;;1;193;;;2;9;184;;;;1;194;;1;;2;192;
1784751;21;;;;21;;;;;9;;2;11;6;11;;2;3;21;4;;;14;10;6;;26;1;2;1;;29;;;1;;1;1;9;19;;1;3;3;23;;3;8;5;14;;23;;;7;;30;;;;;2;2;1;25;;20;;1;9;
1784752;74;5;;3;66;;3;4;1;38;;;;12;108;;;2;16;102;;;7;39;74;;83;17;5;15;;13;11;65;31;;40;23;11;46;;1;2;3;114;;;24;47;49;;2;;2;116;;1;;14;105;;17;4;6;93;;30;2;;88;
1784753;167;;21;8;138;;;;2;25;;;;1;193;;;;11;183;;;;;194;;112;23;13;46;;150;5;8;31;;19;90;33;52;;;14;11;169;;;;;194;;41;;1;152;;;15;41;138;;6;;;188;;6;4;;184;
1784754;18;;;;18;;;1;;7;;;2;1;23;;;2;;24;;;1;4;21;;20;2;1;3;;25;;;1;;1;4;1;20;;1;2;2;21;;1;1;18;6;;2;;;24;;1;1;12;12;;;8;4;14;;1;3;1;21;
1784755;187;;10;4;173;;;2;3;38;;;2;11;217;;;;25;205;;;;;230;;113;7;16;94;;204;1;1;24;;;31;27;172;;;1;5;224;;;4;13;213;;;;;230;;;2;8;220;;;;;230;;54;6;;170;
1784756;265;;;;265;;;1;2;64;;1;3;53;275;;1;;4;327;;;6;18;308;;242;39;14;37;;247;3;1;81;;48;55;71;158;;;9;29;294;;;14;47;271;;75;5;13;239;;;1;104;227;;;;1;331;;;;;332;
1784757;41;;4;2;35;;;;2;7;;;;;50;;;;2;48;;;;;50;;27;9;1;13;;35;;;15;;;3;16;31;;1;4;11;34;;;3;6;41;;;;;50;;;16;23;11;;;1;1;48;;8;;;42;
1784758;92;2;;;90;;1;;1;10;;;;1;103;;4;5;51;44;;;7;21;76;;77;23;3;1;;99;1;2;2;;60;27;9;8;;1;4;14;85;;;7;9;88;;53;;3;48;;1;4;6;93;;1;23;;80;;10;26;10;58;
1784759;111;;;;111;;;;;32;;;;3;140;;;1;21;121;;;35;41;67;;101;16;8;18;;89;6;2;46;;20;35;31;57;;1;;1;141;;;1;2;140;;22;;;121;;2;17;12;112;;;;;143;;7;2;;134;
1784760;31;;1;;30;;;;1;6;;;;;38;;;;;38;;;;;38;;24;4;1;9;;28;2;5;3;;;;;38;;;4;2;32;;;5;11;22;;;;;38;;;;1;37;;2;6;4;26;;;;;38;
1784761;97;;1;;96;;;;;29;;;;;126;;;;2;124;;;;;126;;56;23;5;42;;66;42;12;6;;;95;24;7;;;;3;123;;;22;20;84;;21;;1;104;;;43;8;75;;;;4;122;;31;2;;93;
1784762;192;;5;;187;;;1;4;37;;1;5;46;182;;;1;3;230;;;106;46;82;;20;2;2;210;;202;1;2;29;;;105;59;70;;4;32;17;181;;;8;77;149;;8;;5;221;;;6;63;165;;;;2;232;;72;;;162;
1784763;47;;3;2;42;;;1;;7;;3;1;;51;;1;1;10;43;;;;;55;;36;3;8;8;;4;2;;49;;1;6;6;42;;;3;;52;;1;;2;52;;2;;;53;;1;1;2;51;;1;1;;53;;1;;;54;
1784764;48;;;;48;;;;;9;;;1;6;50;;;;1;56;;;;;57;;39;8;;10;;45;;3;9;;;8;45;4;;;1;2;54;;;;;57;;2;;;55;;;2;8;47;;11;3;5;38;;30;1;;26;
1784765;25;2;20;1;2;;;1;;;;;1;;25;;;;5;21;;;;;26;;18;2;2;4;;24;2;;;;;;;26;;;;5;21;;;2;2;22;;;;;26;;;20;6;;;2;;2;22;;10;;;16;
1784766;10;;;;10;;;;;18;;;;;28;;;;2;26;;;;;28;;23;1;;4;;20;7;1;;;16;1;1;10;;;;;28;;;;;28;;;;;28;;;;;28;;;;;28;;;;;28;
1784767;85;;;1;84;;;;;66;;;;8;143;;;;7;144;;;;;151;;20;;51;80;;141;1;4;5;;;1;19;131;;;2;3;146;;;;1;150;;;;;151;;;10;24;117;;;;;151;;;3;;148;
1784768;14;;;;14;;;;;20;;;;3;31;;;;;34;;;;;34;;;;;34;;6;1;1;26;;;1;31;2;;;;;34;;;2;4;28;;;;;34;;;;;34;;;3;2;29;;1;;;33;
1784769;41;;;1;40;;;2;7;61;;;;1;110;;;;2;109;;;;;111;;;99;1;11;;90;5;2;14;;1;56;13;41;;;4;6;101;;;;;111;;;;;111;;;;;111;;;;;111;;1;5;;105;
1784770;24;;;;24;;;;;17;;;;2;39;;;;4;37;;;;;41;;26;6;;9;;38;;3;;;;6;21;14;;;;1;40;;;;;41;;;;;41;;;;;41;;;;1;40;;;;;41;
1784771;61;;;2;59;;;3;1;46;;1;9;24;77;;1;31;14;65;;;;;111;;80;6;;25;;86;3;8;14;;46;7;15;43;;;;;111;;;;1;110;;;;;111;;;5;5;101;;;;;111;;21;;3;87;
1784772;81;;;;81;;;;;32;;3;28;35;47;;;;;113;;;;;113;;75;3;29;6;;76;15;22;;;;6;4;103;;1;;1;111;;;;;113;;17;;6;90;;;7;20;86;;30;6;15;62;;7;1;3;102;
1784773;49;;1;;48;;;1;1;22;;;9;12;52;;;;4;69;;;;;73;;63;3;;7;;2;4;4;63;;;2;44;27;;;;;73;;;;1;72;;16;;;57;;;1;5;67;;;;;73;;;;;73;
1784774;50;;;;50;;;;;23;;;1;13;59;;;;1;72;;;;1;72;;40;4;2;27;;59;1;1;12;;16;19;11;27;;;;2;71;;;2;3;68;;2;;;71;;;;1;72;;;;;73;;11;;2;60;
1784775;63;;1;;62;;;;2;13;;;;3;75;;;;1;77;;;;;78;;53;13;3;9;;51;2;11;14;;12;32;12;22;;;;;78;;;;;78;;19;;;59;;;1;7;70;;1;;12;65;;3;3;;72;
1784776;231;;3;3;225;;;7;18;34;;1;2;12;275;;;;10;280;;1;1;;288;;197;31;24;38;;250;8;6;26;;63;100;43;84;;2;23;29;236;;;;3;287;;6;;;284;;2;8;29;251;;;;;290;;1;20;;269;
1784777;178;12;46;24;96;;11;14;16;32;;1;7;15;228;;17;;16;218;;;3;48;200;;180;17;;54;;158;7;15;71;;63;38;54;96;;;15;6;230;;10;8;2;231;;1;10;;240;;17;45;70;119;;5;;5;241;;19;1;;231;
1784778;90;;;;90;;;;1;30;;;3;8;110;;;1;7;113;;;;4;117;;92;12;1;16;;31;64;1;25;;3;51;18;49;;1;4;13;103;;;1;3;117;;7;;;114;;1;3;25;92;;4;1;;116;;7;9;;105;
1784779;86;;;;86;;;;;44;;;;;130;;;;19;111;;;7;13;110;;113;13;2;2;;109;;1;20;;26;15;77;12;;;1;2;127;;;56;73;1;;49;;;81;;;1;4;125;;;;;130;;3;1;;126;
1784780;53;;2;1;50;;;1;1;8;;;;;63;;;;29;34;;;3;20;40;;42;12;6;3;;54;2;1;6;;12;23;8;20;;2;10;5;46;;;14;16;33;;6;;;57;;;;;63;;;;;63;;15;7;1;40;
1784781;41;;20;6;15;;;1;;1;;1;;;42;;;1;21;21;;;;;43;;32;2;;9;;43;;;;;2;21;9;11;;1;7;11;24;;;10;5;28;;2;;;41;;;1;9;33;;5;;2;36;;;1;;42;
1784782;20;;;;20;;;;;5;;;;;25;;;;4;21;;;;;25;;11;2;2;10;;7;15;;3;;;;5;20;;;;1;24;;1;1;10;13;;6;;;19;;;;5;20;;;;;25;;6;14;;5;
1784783;95;;1;2;92;;;1;;8;;1;6;42;55;;1;;16;87;;;5;13;86;;83;15;1;5;;79;1;13;11;;5;13;15;71;;;7;9;88;;;;1;103;;7;2;;95;;;2;9;93;;;3;1;100;;2;;;102;
1784784;156;;5;;151;;;;;22;;;;3;175;;;;9;169;;;;44;134;;129;12;;37;;17;125;2;34;;85;23;12;58;;;2;3;173;;;;;178;;1;;;177;;;3;28;147;;;;;178;;;;;178;
1784785;28;;;;28;;;;;2;;;;;30;;;;4;26;;;;1;29;;19;2;4;5;;20;4;1;5;;;;;30;;;;1;29;;;;;30;;;;;30;;;;1;29;;;;;30;;;;;30;
1784786;90;;;;90;;;;;14;;;;2;102;;;;10;94;;;;8;96;;61;12;1;30;;81;;;23;;4;42;32;26;;;;;104;;;;;104;;46;;;58;;;27;50;27;;;;;104;;10;1;;93;
1784787;24;;3;10;11;;;4;5;2;;;1;1;33;;;1;;34;;;1;;34;;2;4;10;19;;30;1;;4;;1;25;6;3;;1;;;34;;;;1;34;;1;;;34;;1;;;34;;;;;35;;;4;;31;
1784788;165;;;;165;;;;1;53;;;3;9;207;;;;25;194;;;;;219;;143;32;17;27;;142;3;13;61;;16;45;88;70;;;;;219;;;;;219;;1;;;218;;;;54;165;;;;1;218;;;1;;218;
1784789;16;;;;16;;;;;15;;;;;31;;;;;31;;;;;31;;16;2;1;12;;8;;2;21;;;3;8;20;;;1;;30;;;;;31;;;;;31;;;;;31;;;;1;30;;;1;;30;
1784790;55;;;;55;;;;;28;;;23;32;28;;;;10;73;;;;1;82;;82;;;1;;5;74;3;1;;3;18;26;36;;2;5;;76;;;6;6;71;;8;;;75;;;11;26;46;;2;;;81;;52;;;31;
1784791;127;;;;127;;;;;25;;;;5;147;;;;1;151;;;;;152;;101;2;1;48;;100;1;13;38;;;;;152;;;;1;151;;;;;152;;;;;152;;;;31;121;;;;;152;;;;;152;
1784792;46;;;1;45;;;1;5;18;;;10;7;53;;;1;42;27;;;;;70;;64;;1;5;;61;;;9;;;2;13;55;;;1;;69;;;2;6;62;;1;;;69;;;;1;69;;1;;;69;;46;3;;21;
1784793;69;;1;4;64;;;3;15;10;;;1;;96;;;2;1;94;;1;;;96;;77;14;3;3;;81;1;1;14;;1;15;37;44;;;;2;95;;;13;3;81;;1;;;96;;;1;2;94;;;2;1;94;;2;;;95;
1784794;45;1;13;3;28;;;5;4;31;;;;8;77;;;1;20;64;;;;;85;;44;5;1;35;;63;4;5;13;;28;19;7;31;;;;;85;;;;1;84;;3;;2;80;;;;10;75;;;1;1;83;;14;;;71;
1784795;21;3;8;;10;;;2;;4;;1;;;26;;;5;8;14;;;;;27;;24;3;;;;17;10;;;;;4;4;19;;;2;5;20;;;;;27;;9;;;18;;;;1;26;;1;1;3;22;;27;;;;
1784796;13;;;;13;;;;1;21;;;2;7;26;;;18;12;5;;2;11;6;16;;29;4;2;;;25;5;5;;;12;21;;2;;1;10;4;20;;;5;3;27;;12;;;23;;;21;12;2;;6;3;7;19;;17;;;18;
1784797;33;;;1;32;;;;;12;;;;;45;;;1;1;43;;;;2;43;;29;3;2;11;;33;1;1;10;;12;17;8;8;;;5;5;35;;;2;11;32;;5;;;40;;;19;8;18;;;;;45;;3;;;42;
1784798;17;;2;6;9;;;2;;6;;;;;25;;;;;25;;;;1;24;;7;9;4;5;;17;;;8;;;10;2;13;;;1;;24;;1;;2;22;;2;;;23;;;3;10;12;;;;1;24;;1;;;24;
1784799;47;;;;47;;;;;15;;;5;25;32;;;1;3;58;;;4;9;49;;30;3;2;27;;46;5;2;9;;2;12;16;32;;;8;12;42;;3;4;8;47;;8;;1;53;;;1;4;57;;9;4;1;48;;5;1;;56;
1956069;34;2;;3;29;;1;1;2;30;;;2;8;24;;25;1;1;7;;24;2;;8;;4;9;;21;;1;;;33;;1;;1;32;;2;;;32;;1;1;;32;;;;1;33;;1;;;33;;;;1;25;;;1;;7;
1956070;73;1;;;72;;1;;11;61;;;;;73;;47;2;3;21;;49;14;2;8;;;1;25;47;;;;1;72;;;;9;64;;;;;73;;;;5;68;;;;;73;;2;;;71;;;;;43;;;;;30;
1956071;28;1;1;8;18;;1;1;1;25;;;6;2;20;;22;4;1;1;;25;;1;2;;3;8;3;14;;;2;1;25;;;27;1;;;;;;28;;;4;17;7;;2;4;6;16;;21;;;7;;;;;21;;;1;1;5;
1956072;91;;;;91;;;;;91;;;;;91;;77;3;3;8;;71;3;4;13;;9;52;5;25;;;;;91;;;2;12;77;;1;;;90;;;2;10;79;;;;;91;;17;;;74;;;;1;54;;;4;14;18;
1956073;104;;;14;90;;;;1;103;;;;9;95;;76;3;;25;;72;7;5;20;;24;18;17;45;;1;1;14;88;;;1;1;102;;11;;1;92;;;2;17;85;;1;1;1;101;;7;;;97;;;;;81;;;;1;22;
1956074;31;;;;31;;;2;;29;;;2;9;20;;5;10;2;14;;22;;1;8;;8;4;5;14;;;;4;27;;;;;31;;2;;;29;;;;2;29;;;;;31;;;;;31;;;6;1;19;;;1;1;3;
1956075;163;;;;163;;;;17;146;;;5;26;132;;149;9;2;3;;130;2;2;29;;;25;62;76;;1;3;4;155;;2;;39;122;;11;;;152;;;2;1;160;;1;;;162;;10;;;153;;1;;;99;;;;;63;
1956076;69;;;2;67;;;;7;62;;;;;69;;44;1;;24;;49;5;3;12;;;;2;67;;;;;69;;;;4;65;;19;;;50;;;;2;67;;;1;;68;;11;1;;57;;;;;57;;;;;12;
1956077;89;4;10;27;48;;4;;;85;;;;;89;;55;3;20;11;;57;8;24;;;4;2;1;82;;;;;89;;;;;89;;7;;1;81;;1;8;10;70;;15;9;19;46;;7;3;3;76;;;;;64;;;1;;24;
1956078;84;;1;7;76;;;;1;83;;;1;;83;;48;8;6;22;;51;5;21;7;;22;40;8;14;;1;;5;78;;;;1;83;;2;;;82;;;2;8;74;;3;;18;63;;3;1;;80;;;5;2;62;;;;;15;
1956079;44;3;;;41;;1;;2;41;;;;;44;;18;13;4;9;;10;1;;33;;6;2;5;31;;1;1;1;41;;;1;3;40;;13;;;31;;;3;5;36;;3;1;1;39;;;;;44;;;4;5;29;;;2;;4;
1956080;40;1;2;12;25;;1;2;11;26;;;1;;39;;39;1;;;;26;;;14;;6;19;10;5;;1;;;39;;;2;;38;;;;;40;;;;1;39;;6;;1;33;;7;;;33;;;;;28;;;;5;7;
1956081;75;;3;8;64;;;2;45;28;;;;;75;;57;6;2;10;;75;;;;;2;15;29;29;;;;;75;;;;;75;;;;;75;;;1;;74;;3;;3;69;;10;30;;35;;30;3;;14;;18;1;2;7;
1956082;237;1;1;4;231;;12;;3;222;;;;13;224;;177;16;;44;;134;4;8;91;;62;14;38;123;;10;2;1;224;;8;4;1;224;;12;2;;223;;12;56;62;107;;3;;1;233;;12;;;225;;6;21;9;112;;7;9;22;51;
1956083;127;;1;9;117;;1;;5;121;;;;4;123;;92;9;2;24;;19;77;6;25;;2;56;17;52;;;;4;123;;;1;2;124;;;;;127;;;7;23;97;;1;2;;124;;6;4;;117;;;7;2;82;;;9;2;25;
1956084;33;1;2;;30;;1;;15;17;;;1;;32;;31;2;;;;28;3;;2;;6;11;8;8;;;7;9;17;;;1;5;27;;10;;;23;;;21;8;4;;;;10;23;;;;;33;;;;;19;;;;;14;
1956085;50;;1;14;35;;;;2;48;;;;;50;;45;1;1;3;;2;10;5;33;;2;43;5;;;;3;2;45;;;;1;49;;1;;;49;;;2;6;42;;;;;50;;;;;50;;;;;28;;;1;1;20;
1956086;57;;;1;56;;;;1;56;;;5;8;44;;26;17;1;13;;46;;;11;;;21;12;24;;1;1;6;49;;;1;;56;;5;1;3;48;;;3;13;41;;1;;;56;;3;;;54;;;1;;50;;;1;1;4;
1956087;37;;;;37;;;;;37;;;;;37;;18;1;5;13;;15;2;2;18;;;;14;23;;;;;37;;;;;37;;;;;37;;;;;37;;;8;;29;;;5;;32;;;;;21;;;;;16;
1956088;54;;;2;52;;;1;2;51;;;;;54;;3;;;51;;44;1;1;8;;;17;24;13;;;;;54;;;;1;53;;;;;54;;;;;54;;;;;54;;;3;;51;;;10;9;17;;;11;4;3;
1956089;52;;1;1;50;;;1;35;16;;;1;;51;;39;3;8;2;;49;1;;2;;16;7;20;9;;5;1;4;42;;;49;3;;;;;;52;;;1;1;50;;;;;52;;2;;;50;;;4;23;12;;;12;;1;
1956090;311;;7;40;264;;;;;311;;;3;18;290;;241;26;15;29;;227;10;3;71;;50;42;65;154;;;10;30;271;;;14;68;229;;56;;7;248;;;;64;247;;;1;1;309;;;;;311;;;;;265;;;;1;45;
1956091;99;;1;;98;;;;1;98;;1;;;98;;85;10;2;2;;81;4;5;9;;2;25;31;41;;;1;;98;;1;6;4;88;;1;;;98;;;1;2;96;;;1;2;96;;13;;;86;;;1;4;73;;;;9;12;
1956092;156;;;8;148;;;;1;155;;;;;156;;103;4;;49;;109;2;15;30;;;;;156;;;;;156;;;;;156;;1;;;155;;;;5;151;;4;;3;149;;;;;156;;;;;116;;;;;40;
1956093;51;5;12;7;27;;4;1;29;17;;1;9;10;31;;39;9;1;2;;50;;;1;;;15;10;26;;3;9;4;35;;2;22;6;21;;31;;;20;;39;12;;;;1;4;1;45;;13;1;;37;;;;1;39;;;2;;9;
1956094;52;;2;;50;;;;2;50;;;;1;51;;20;1;10;21;;33;;10;9;;2;4;11;35;;;;2;50;;;1;5;46;;5;;1;46;;;;;52;;2;;;50;;1;;;51;;;;;44;;;;2;6;
1956095;131;1;;;130;;;;16;115;;;49;29;53;;94;18;9;10;;89;5;1;36;;14;25;34;58;;;;4;127;;;;2;129;;17;;;114;;3;11;7;110;;;;;131;;7;1;;123;;;;;103;;;;;28;
1956096;53;;;2;51;;;;;53;;;;;53;;8;;;45;;9;1;6;37;;;2;34;17;;;1;4;48;;;2;12;39;;;;;53;;;;;53;;;;;53;;6;1;1;45;;;;;23;;;;;30;
1956097;30;;1;1;28;;;3;16;11;;;;;30;;24;3;;3;;20;7;2;1;;;30;;;;;3;;27;;;1;;29;;16;;1;13;;;1;3;26;;1;;;29;;10;3;;17;;;;;19;;;;;11;
1956098;92;;;12;80;;;;3;89;;;;;92;;72;10;;10;;71;9;2;10;;;;5;87;;;2;4;86;;;;;92;;3;;2;87;;;;8;84;;1;;5;86;;7;2;;83;;;;;59;;;2;2;29;
1956099;111;;2;2;107;;;3;34;74;;;17;29;65;;86;17;1;7;;100;2;;9;;24;48;30;9;;;9;10;92;;;1;2;108;;2;;1;108;;;;1;110;;1;;;110;;;13;;98;;;;;97;;;;;14;
1956100;29;;;1;28;;;;;29;;;;;29;;15;1;5;8;;20;9;;;;;;;29;;;;2;27;;;;;29;;;;;29;;;29;;;;1;;4;24;;11;;;18;;1;25;;;;;3;;;
1956101;41;;1;;40;;;;4;37;;;;2;39;;29;5;;7;;31;;1;9;;9;16;6;10;;;3;5;33;;;2;2;37;;17;;;24;;;13;9;19;;;;;41;;3;;;38;;;;1;31;;;;;9;
1956102;35;;2;11;22;;;1;;34;;;;;35;;;;;35;;24;9;;2;;4;8;7;16;;;;;35;;;11;13;11;;;;;35;;17;1;;17;;;;;35;;23;;7;5;;;;;25;;;1;1;8;
1956103;49;;2;6;41;;;3;1;45;;;15;9;25;;33;5;1;10;;48;1;;;;1;15;4;29;;;4;11;34;;1;;39;9;;8;;;41;;1;5;16;27;;;23;6;20;;4;13;;32;;;2;;30;;;3;;14;
1956104;49;;1;2;46;;1;;;48;;;;;49;;27;5;1;16;;36;6;1;6;;1;;3;45;;;6;5;38;;;4;21;24;;;;;49;;;;1;48;;2;9;10;28;;;;;49;;;1;;40;;;;1;7;
1956105;431;2;5;3;421;;1;;1;429;;1;;1;429;;15;187;36;193;;278;2;2;149;;171;86;45;129;;9;33;14;375;;1;6;1;423;;58;7;;366;;34;113;52;232;;1;;;430;;14;;;417;;1;48;10;221;;;41;10;100;
1956106;35;;1;4;30;;;;4;31;;;1;;34;;17;5;1;12;;28;1;3;3;;1;;;34;;;;2;33;;;1;5;29;;3;;;32;;;1;;34;;;;;35;;5;4;;26;;;;;27;;;;;8;
1956107;26;;;;26;;;;;26;;;;;26;;15;1;3;7;;18;1;;7;;1;5;1;19;;;;;26;;;;2;24;;;;;26;;;3;11;12;;4;;6;16;;5;;;21;;;2;;21;;;;2;1;
1956108;49;;;7;42;;;;1;48;;;1;1;47;;23;2;;24;;44;;1;4;;2;4;9;34;;1;;4;44;;;2;6;41;;9;1;;39;;;1;4;44;;2;2;;45;;3;1;;45;;;;;34;;;;1;14;
1956109;27;;;4;23;;;;;27;;;;1;26;;21;1;;5;;20;;;7;;3;6;3;15;;;;2;25;;;;11;16;;10;;;17;;1;3;14;9;;;;;27;;5;;;22;;;;;22;;;;;5;
1956110;222;4;2;9;207;;;1;32;189;;;;;222;;147;7;10;58;;183;2;5;32;;1;25;28;168;;;;6;216;;;1;17;204;;7;;;215;;;9;41;172;;;;;222;;12;3;;207;;;14;5;151;;;7;6;39;
1956111;50;;;7;43;;;;;50;;;;;50;;27;3;;20;;38;5;;7;;2;1;;47;;;1;;49;;;;;50;;4;;;46;;;;;50;;;3;1;46;;2;;;48;;;;;40;;;;;10;
1956112;47;;;;47;;;;4;43;;;7;15;25;;39;3;4;1;;38;2;;7;;8;24;8;7;;1;12;7;27;;;6;16;25;;;;;47;;;1;1;45;;;;;47;;10;2;;35;;;1;;37;;;;;9;
1956113;243;2;5;36;200;;2;3;3;235;;;65;61;117;;12;4;13;214;;202;;3;38;;2;122;68;51;;6;29;28;180;;;1;2;240;;7;;4;232;;7;2;50;184;;;2;8;233;;9;;;234;;;6;;194;;;2;;41;
1956114;81;1;5;17;58;;;;5;76;;;;;81;;70;;;11;;74;;1;6;;;1;49;31;;;;;81;;;;;81;;;;;81;;;;1;80;;;;;81;;17;;;64;;;;;70;;;;3;8;
1956115;87;;;10;77;;;;1;86;;;;;87;;51;8;1;27;;65;1;1;20;;11;9;14;53;;;;1;86;;;3;6;78;;;;;87;;;;1;86;;;;;87;;16;;2;69;;1;;2;60;;;;3;21;
1956116;32;;;;32;;;;1;31;;;;;32;;20;4;;8;;24;3;2;3;;1;1;4;26;;;;1;31;;;;;32;;;;;32;;;;;32;;;;1;31;;;;;32;;;;;24;;;;;8;
1956117;46;;;1;45;;;;1;45;;;;;46;;36;3;;7;;41;;;5;;;;1;45;;;1;3;42;;;;;46;;7;;;39;;;;11;35;;;;;46;;2;;;44;;;12;9;22;;;1;2;;
1956118;35;;;9;26;;;;3;32;;;;1;34;;6;;;29;;31;;;4;;1;5;9;20;;;;1;34;;;2;2;31;;17;;;18;;;3;11;21;;2;;4;29;;1;;;34;;;;2;28;;;;;5;
1956119;312;;6;6;300;;;;26;286;;;;;312;;234;37;18;23;;266;6;10;30;;53;100;34;125;;2;18;33;259;;;;;312;;16;;;296;;;15;41;256;;1;;;311;;1;;;311;;;42;32;186;;;26;14;12;
1956120;83;;16;26;41;;;;2;81;;;;;83;;70;;1;12;;66;;3;14;;;19;8;56;;;4;12;67;;;;;83;;8;7;3;65;;;21;28;34;;;;;83;;1;;;82;;;2;5;53;;;2;5;16;
1956121;85;;;4;81;;;;4;81;;;;1;84;;51;12;2;20;;58;19;3;5;;;1;4;80;;;;;85;;;;;85;;21;;;64;;2;;;83;;;;;85;;4;1;1;79;;;;;52;;;2;1;30;
1956122;186;;;9;177;;;;19;167;;;;;186;;52;9;1;124;;74;70;3;39;;1;21;58;106;;;;;186;;;;;186;;15;;;171;;;;15;171;;1;1;1;183;;8;;;178;;;;6;131;;;19;7;23;
1956123;173;;;;173;;;1;67;105;;;;1;172;;112;11;3;47;;126;3;1;43;;;77;58;38;;;;3;170;;;;2;171;;4;;;169;;;8;58;107;;;;;173;;87;13;1;72;;;4;8;126;;;4;4;27;
1956124;164;;2;22;140;;;1;25;138;;;;;164;;65;3;;96;;1;6;97;60;;2;59;43;60;;;14;14;136;;;;1;163;;13;;;151;;;9;17;138;;;;;164;;;;;164;;1;5;3;107;;1;2;2;43;
1956125;98;;;;98;;;;;98;;;;;98;;;79;1;18;;82;2;3;11;;;63;11;24;;;2;2;94;;;;;98;;;;;98;;;;;98;;;;;98;;4;6;;88;;;2;;39;;;7;6;44;
1956126;205;;;1;204;;;;11;194;;;;;205;;146;13;;46;;160;3;4;38;;94;3;16;92;;;1;;204;;;;;205;;;;4;201;;;1;10;194;;3;;1;201;;1;;;204;;;;;148;;;;;57;
1956127;293;1;;;292;;1;;3;289;;;;;293;;187;14;5;87;;250;3;2;38;;15;12;29;237;;;;;293;;;;5;288;;63;;;230;;;120;18;155;;1;;1;291;;128;;;165;;1;22;2;147;;;10;18;93;
1956128;120;;1;6;113;;;;14;106;;4;13;28;75;;75;18;6;21;;5;2;10;103;;26;9;5;80;;;7;1;112;;;35;31;54;;;;6;114;;1;2;8;109;;4;;3;113;;16;1;;103;;2;5;6;68;;1;4;4;30;
1956129;83;;1;8;74;;;;16;67;;;;;83;;68;10;1;4;;49;8;9;17;;24;11;12;36;;;;;83;;;;;83;;;;;83;;;1;32;50;;;;;83;;;;;83;;;24;;15;;;2;;42;
1956130;59;;1;1;57;;;3;1;55;;;;1;58;;39;3;1;16;;4;38;4;13;;5;6;16;32;;1;2;2;54;;2;1;;56;;2;;;57;;3;;;56;;;;3;56;;;;;59;;;;;44;;;;;15;
1956131;119;;15;36;68;;1;3;10;105;;;;;119;;70;7;;42;;94;4;6;15;;1;4;61;53;;1;2;1;115;;;1;1;117;;;;1;118;;1;1;8;109;;;;;119;;18;;7;94;;;;;77;;;1;;41;
1956132;77;;;;77;;;;;77;;;;;77;;53;2;;22;;40;1;4;32;;;3;18;56;;;;;77;;;;;77;;36;;;41;;;;1;76;;;;;77;;;;;77;;;;;39;;;;2;36;
1956133;157;;;10;147;;;;15;142;;;2;40;115;;126;12;;19;;22;100;3;32;;79;14;11;53;;;5;11;141;;;;;157;;1;;;156;;;5;27;125;;;;;157;;1;;;156;;;5;;129;;;1;;22;
1956134;116;2;;;114;;1;;1;114;;;1;;115;;49;23;4;40;;56;40;12;8;;2;23;73;18;;;;1;115;;;7;5;104;;22;;;94;;1;;;115;;;;2;114;;8;1;;107;;;4;3;90;;1;;1;17;
1956135;55;;;2;53;;;;1;54;;;;;55;;36;13;1;5;;40;;2;13;;;6;24;25;;;;1;54;;;;;55;;;;;55;;;;13;42;;10;;3;42;;13;4;;38;;;;;41;;;;;14;
1956136;107;;;12;95;;;;12;95;;;1;4;102;;75;18;;14;;78;3;9;17;;1;10;11;85;;;2;3;102;;;;;107;;;;;107;;;2;11;94;;;;;107;;1;;;106;;;;2;86;;;1;;18;
1956137;199;;1;11;187;;;;5;194;;;;;199;;15;;75;109;;170;7;12;10;;;4;79;116;;;1;27;171;;;;;199;;3;;;196;;;3;12;184;;1;;;198;;11;9;;179;;;;;133;;;;;66;
1956138;49;;;1;48;;;3;15;31;;;;;49;;39;2;2;6;;48;1;;;;;23;21;5;;;16;14;19;;;1;5;43;;2;;;47;;;6;15;28;;5;;9;35;;;;;49;;;25;;19;;;;;5;
1956139;155;;;9;146;;;;8;147;;;;;155;;119;7;1;28;;101;6;15;33;;;2;7;146;;;21;27;107;;;3;24;128;;1;2;1;151;;;;19;136;;;;;155;;97;5;;53;;;;;84;;;;;71;
1956140;48;;;;48;;;;3;45;;;16;13;19;;42;5;;1;;39;;9;;;2;14;14;18;;1;1;5;41;;1;8;20;19;;2;;;46;;;3;22;23;;1;;;47;;9;3;;36;;;8;2;31;;;;;7;
1956141;62;;;;62;;;;;62;;;;;62;;27;24;1;10;;43;4;10;5;;;;1;61;;;;2;60;;;;;62;;31;;;31;;;;2;60;;;;;62;;;;;62;;;;;53;;;;;9;
1956142;27;;;3;24;;;1;;26;;;;1;26;;7;;;20;;1;1;;25;;1;17;6;3;;1;;;26;;;1;22;4;;1;;;26;;1;;;26;;;;;27;;;;;27;;;;1;20;;;;;6;
1956143;44;;;;44;;;;;44;;;1;;43;;23;;3;18;;8;29;;7;;1;1;17;25;;;;;44;;;;1;43;;8;;;36;;;;5;39;;;;;44;;1;15;;28;;;;;39;;;;;5;
1956144;50;;1;2;47;;;;;50;;;;;50;;35;4;3;8;;36;1;;13;;;1;7;42;;;;1;49;;;;;50;;3;;;47;;;4;12;34;;;;;50;;8;;2;40;;;8;3;34;;;2;;3;
1956145;50;;1;5;44;;;;4;46;;;2;3;45;;44;3;;3;;32;;3;15;;8;13;12;17;;;2;1;47;;;;;50;;13;;;37;;;;2;48;;;;;50;;4;;;46;;;;;32;;;;1;17;
1956146;126;1;11;32;82;;;1;9;116;;;;;126;;84;10;3;29;;12;42;34;38;;3;48;51;24;;;1;1;124;;;1;;125;;72;1;;53;;1;2;9;114;;;;;126;;16;1;;109;;;9;2;65;;;13;3;34;
1956147;82;;1;;81;;;1;6;75;;;;3;79;;53;13;1;15;;55;;1;26;;1;15;30;36;;;;;82;;;;;82;;52;;;30;;;29;33;20;;;;;82;;;;;82;;;;;69;;;;1;12;
1956148;212;;3;6;203;;;;16;196;;;;1;211;;148;34;14;16;;131;2;5;74;;;16;139;57;;;;2;210;;;;;212;;;;;212;;;;51;161;;1;;4;207;;;;;212;;;;;163;;;;2;47;
1956149;157;;;;157;;1;;10;146;;;1;7;149;;91;25;3;38;;123;4;3;27;;11;75;29;42;;;9;19;129;;;;;157;;7;;1;149;;;21;27;109;;13;1;1;142;;2;;;155;;;13;14;101;;;1;;28;
1956150;69;;3;2;64;;;;;69;;;;1;68;;64;;1;4;;2;67;;;;;12;14;43;;;4;;65;;;;;69;;9;;;60;;;;12;57;;;;1;68;;1;;;68;;;;;55;;;;;14;
1956151;198;;2;12;184;;;;1;197;;;;;198;;138;11;15;34;;46;34;75;43;;1;5;48;144;;;;6;192;;;;;198;;3;;1;194;;;1;15;182;;;1;1;196;;1;;1;196;;;2;8;145;;;7;18;18;
1956152;97;;;;97;;1;;14;82;;;27;31;39;;85;9;3;;;75;2;3;17;;4;23;18;52;;;;;97;;;;8;89;;8;;;89;;;;18;79;;2;17;9;69;;13;1;;83;;;;;57;;;7;5;28;
7709162;22;;;;22;;3;8;1;18;;;;4;26;;;;;30;;24;;3;3;;30;;;;;;5;21;4;;;10;15;5;;1;;2;27;;;;3;27;;1;;1;28;;;;;30;;;1;;29;;;1;7;;
7709163;33;;;;33;;;;1;35;;35;1;;;;15;;;21;;;1;2;33;;;1;1;34;;1;;;35;;;;2;34;;;;;36;;1;;;35;;;;;36;;;;;36;;;;;36;;;;;3;
7709164;32;;1;6;25;;;;3;38;;;;;41;;34;1;;6;;10;2;3;26;;;4;3;34;;;;;41;;;;;41;;;;5;36;;3;;;38;;;6;5;30;;;;;41;;1;;;40;;;3;3;3;
7709165;78;3;3;1;71;;;;8;92;;69;22;6;3;;23;11;57;9;;2;21;39;38;;;;6;94;;13;;1;86;;;1;15;84;;7;;;93;;;;5;95;;;;;100;;;;;100;;1;;;99;;;1;;21;
7709166;65;;3;2;60;;;2;14;64;;1;;26;53;;;1;;79;;57;;;23;;68;3;4;5;;2;6;29;43;;;;;80;;;;2;78;;12;;;68;;;;5;75;;;;1;79;;;4;;76;;;2;11;2;
7709167;89;;;;89;;;;1;143;;;1;;143;;131;7;1;5;;110;4;9;21;;;8;14;122;;;6;34;104;;;1;11;132;;5;1;1;137;;;;4;140;;;;1;143;;;;5;139;;142;1;;1;;;;;55;
7709168;21;;;;21;;1;;;28;;1;;;28;;;;1;28;;23;;1;5;;21;1;;7;;;;11;18;;;;;29;;4;;;25;;;;;29;;12;;;17;;;;;29;;;;;29;;;;;8;
7709169;226;;2;;224;;1;22;45;206;;3;6;232;33;;255;10;1;8;;211;2;29;32;;;148;65;61;;7;48;36;183;;5;;5;264;;;19;82;173;;;38;48;188;;;10;20;244;;;1;15;258;;2;;;272;;;;;48;
7709170;13;;;;13;;;;;29;;;;;29;;;;;29;;28;;;1;;3;;3;23;;;;;29;;;;;29;;;;;29;;;;3;26;;2;1;;26;;;;;29;;;;;29;;;;;16;
7709171;81;;6;6;69;;;18;25;76;;;;11;108;;;;;119;;96;8;2;13;;89;;3;27;;2;63;20;34;;;1;5;113;;;4;4;111;;16;23;3;77;;;6;15;98;;3;;;116;;;;;119;;;5;6;27;
7709172;119;;;;119;;;1;9;142;;;;89;63;;1;5;34;112;;67;;;85;;120;7;7;18;;;;34;118;;;;21;131;;;18;22;112;;;36;25;91;;1;;3;148;;3;;;149;;32;;;120;;;;4;29;
7709173;28;;;1;27;;;;;35;;30;;;5;;;;;35;;;;;35;;;;;35;;16;;;19;;;4;14;17;;;;;35;;21;;9;5;;;;;35;;;;32;3;;32;;;3;;;;;7;
7709174;64;;;;64;;;1;;71;;;;21;51;;69;2;;1;;68;;;4;;3;4;2;63;;8;;;64;;1;;;71;;;1;5;66;;;;;72;;15;17;37;3;;;;1;71;;2;;3;67;;;;;8;
7709175;103;;;1;102;;;;;119;;;;1;118;;;2;5;112;;81;26;5;7;;43;44;8;24;;7;21;34;57;;;1;10;108;;;;1;118;;;;3;116;;;;;119;;;;;119;;5;;;114;;;;;16;
7709176;241;;4;5;232;;6;6;9;276;;1;2;30;264;;;1;1;295;;277;13;4;3;;91;97;45;64;;;44;42;211;;;;;297;;;9;25;263;;1;;;296;;290;1;;6;;16;;2;279;;1;;;296;;;2;12;42;
7709177;122;;;;122;;1;;;161;;1;;9;152;;;10;24;128;;132;19;3;8;;128;4;3;27;;6;31;76;49;;;1;2;159;;;;6;156;;1;;;161;;1;;;161;;;;;162;;;;;162;;;;;40;
7709178;43;;10;3;30;;;;;44;;;;2;42;;4;9;14;17;;43;1;;;;;9;13;22;;;4;8;32;;;2;21;21;;8;;;36;;;19;20;5;;;;;44;;22;4;;18;;33;2;3;6;;;;;1;
7709179;33;;;;33;;3;3;3;29;;3;;;35;;;;;38;;33;3;1;1;;27;2;3;6;;6;11;6;15;;;4;1;33;;12;;1;25;;2;2;1;33;;7;;4;27;;;;;38;;14;1;;23;;1;1;;3;
7709180;34;;8;6;20;;;;3;41;;;;2;42;;4;2;10;28;;32;6;4;2;;34;3;3;4;;;;;44;;7;9;12;16;;;3;11;30;;6;;1;37;;8;6;6;24;;1;1;2;40;;;;;44;;;2;2;6;
7709181;48;;;;48;;;;11;51;;;;;62;;45;11;3;3;;58;;;4;;;38;2;22;;;;3;59;;;;;62;;;;;62;;;35;21;6;;2;;1;59;;23;;;39;;;;2;60;;;;;14;
7709182;67;;;;67;;;;;111;;96;14;1;;;83;16;12;;;10;;;101;;;;;111;;;;;111;;;;3;108;;;;1;110;;;;;111;;;;;111;;;;;111;;18;1;;92;;;;;44;
7709183;129;;24;16;89;;;1;5;156;;;1;14;147;;124;2;5;31;;13;26;33;90;;1;8;8;145;;14;;1;147;;;3;21;138;;5;2;1;154;;2;10;;150;;;;;162;;134;14;1;13;;;;;162;;;1;1;31;
7709184;62;;1;3;58;;;;1;97;;;;4;94;;87;7;2;2;;21;8;21;48;;;1;9;88;;;;;98;;;;;98;;;9;38;51;;;;;98;;1;;;97;;;;2;96;;43;2;7;46;;;2;8;26;
7709185;25;;;;25;;;;22;6;;26;2;;;;28;;;;;17;5;2;4;;;;;28;;;;5;23;;;12;5;11;;4;;;24;;;1;15;12;;;;;28;;;;;28;;26;;;2;;;;;3;
7709186;111;;;;111;;;;25;137;;159;3;;;;130;12;6;14;;;2;64;96;;;2;9;151;;2;;1;159;;;2;8;152;;;;;162;;24;27;;111;;;;8;154;;;;;162;;;64;18;80;;;;1;50;
7709187;33;;;1;32;;;;;65;;;63;;2;;59;1;2;3;;;15;7;43;;;5;;60;;;;2;63;;1;2;3;59;;;;;65;;2;1;;62;;;;;65;;;;;65;;;;;65;;;2;3;27;
7709188;58;;;;58;;;;1;64;;;;;65;;;;8;57;;39;17;1;8;;43;1;11;10;;;;1;64;;;;;65;;;;;65;;20;;;45;;;2;1;62;;;1;;64;;1;;1;63;;;;;7;
7709189;44;;;;44;;;;6;56;;;;7;55;;5;5;;52;;43;3;;16;;49;2;1;10;;;1;19;42;;;;;62;;11;;3;48;;;;4;58;;;;;62;;;;;62;;4;;;58;;;;;18;
7709190;106;;;;106;;;;3;133;;;;;136;;;14;52;70;;106;21;3;6;;18;35;22;61;;;1;2;133;;;17;20;99;;;12;93;31;;101;7;;28;;;;;136;;3;3;;130;;;;;136;;;;4;26;
7709191;88;;;1;87;;;2;11;110;;;1;5;117;;1;;;122;;108;8;2;5;;121;;2;;;;7;95;21;;;1;5;117;;;1;15;107;;19;2;;102;;1;;;122;;3;;3;117;;1;;1;121;;;2;25;8;
7709192;27;;;;27;;1;;1;43;;1;;4;40;;;;4;41;;42;3;;;;30;3;3;9;;;3;6;36;;;4;2;39;;;;2;43;;4;;;41;;;3;11;31;;5;1;;39;;7;;;38;;;;1;17;
7709193;47;;6;;41;;;;9;69;;1;1;;76;;63;7;2;6;;1;;;77;;;;1;77;;6;;;72;;;;;78;;1;;;77;;63;11;4;;;;;;78;;6;;;72;;3;;;75;;;;;31;
7709194;29;;;;29;;;;1;37;;;34;4;;;;29;3;6;;35;2;;1;;;11;13;14;;;;1;37;;;;2;36;;2;;;36;;1;14;14;9;;;;;38;;30;3;;5;;29;;;9;;;;;9;
7709195;23;;4;;19;;;;;29;;;1;;28;;;6;7;16;;24;;;5;;;8;11;10;;;;1;28;;4;;1;24;;;;1;28;;7;1;;21;;10;13;5;1;;7;5;9;8;;;;;29;;;;;6;
7709196;132;1;17;3;111;;1;;5;154;;1;3;39;117;;;1;33;126;;114;;2;44;;2;23;80;55;;;2;15;143;;2;;;158;;1;13;43;103;;133;4;;23;;135;13;10;2;;;2;1;157;;;;;160;;;9;4;15;
7709197;126;;;1;125;;;1;1;214;;179;8;8;21;;;3;11;202;;;;;216;;;53;40;123;;155;;;61;;;3;12;201;;;1;;215;;20;1;1;194;;;;;216;;;;;216;;183;;;33;;;1;5;84;
7709198;23;;;;23;;;1;;28;;1;;;28;;;;;29;;20;2;2;5;;4;9;6;10;;;1;;28;;1;;;28;;;2;3;24;;2;2;3;22;;5;;3;21;;16;7;4;2;;;;;29;;;;;6;
7709199;65;;;1;64;;1;1;10;70;;1;;3;78;;;;;82;;63;13;3;3;;62;1;3;16;;1;;12;69;;;;1;81;;;4;6;72;;;;1;81;;7;;;75;;;;;82;;;;;82;;;;;17;
7709200;43;;;;43;;;;;78;;;;;78;;;;;78;;71;;3;4;;39;1;8;30;;;4;11;63;;;2;2;74;;6;;;72;;;;;78;;;;;78;;;;;78;;;;;78;;;;;35;
7709201;53;1;;;52;;;;4;77;;;;;81;;70;6;2;3;;;24;30;27;;;;;81;;10;;;71;;;3;4;74;;;1;2;78;;6;15;;60;;;;;81;;67;2;3;9;;;;;81;;;;;28;
7709202;80;;;;80;;;;16;101;;;1;8;108;;;;11;106;;110;5;1;1;;41;36;27;13;;;7;13;97;;3;;;114;;;1;25;91;;;;1;116;;17;;;100;;81;9;3;24;;;;5;112;;;1;1;35;
7709203;266;;;;266;;;7;25;289;;;;;321;;;9;123;189;;243;9;4;65;;67;43;60;151;;;6;34;281;;;4;31;286;;57;5;17;242;;;51;114;156;;;;;321;;275;14;20;12;;;;;321;;;;5;50;
7709204;46;;;;46;;1;;4;52;;49;8;;;;40;3;;14;;15;15;17;10;;;9;6;42;;;;1;56;;;2;2;53;;;;;57;;1;;;56;;;;3;54;;2;;;55;;;23;;34;;;;;11;
7709205;102;;;;102;;;;17;124;;;;;141;;129;4;1;7;;108;2;2;29;;52;17;26;46;;;;;141;;;4;8;129;;;;1;140;;;;;141;;;;8;133;;;;5;136;;3;;3;135;;;;;39;
7709206;117;;2;17;98;;;;5;157;;159;1;;2;;50;58;5;49;;7;85;37;33;;;;;162;;;;;162;;30;;;132;;;;12;150;;7;4;16;135;;52;;;110;;;;95;67;;;;5;157;;;15;9;21;
7709207;141;;32;5;104;;1;1;6;194;;;1;5;196;;;77;46;79;;183;10;2;7;;117;;3;82;;68;53;20;61;;4;2;9;187;;15;;;187;;16;69;27;90;;;4;9;189;;;;;202;;12;2;;188;;;10;5;46;
7709208;48;;;1;47;;;2;1;64;;;2;15;50;;;3;2;62;;64;1;;2;;7;26;19;15;;;;;67;;;;14;53;;;;;67;;55;1;;11;;;;;67;;1;;;66;;6;;;61;;;1;6;12;
7709209;26;;3;4;19;;;1;1;27;;;;;29;;24;4;;1;;3;22;1;3;;5;5;3;16;;;;;29;;1;;1;27;;1;;;28;;7;;4;18;;;;;29;;;;;29;;;;;29;;;;;3;
7709210;33;;5;4;24;;25;5;5;2;;32;4;1;;;;9;9;19;;1;2;4;30;;1;;2;34;;1;;2;34;;;;2;35;;;;;37;;;;1;36;;;;9;28;;;2;6;29;;;;;37;;;;2;2;
7709211;137;;2;3;132;;4;13;34;116;;;;1;166;;152;5;3;7;;73;34;38;22;;1;21;50;95;;;;;167;;12;;1;154;;;1;3;163;;;;;167;;;;;167;;;;;167;;;;;167;;;2;5;23;
7709212;23;;;;23;;;2;;24;;;;1;25;;20;1;;5;;19;;2;5;;4;4;6;12;;;;;26;;1;;;25;;3;1;3;19;;15;;;11;;;;;26;;14;1;3;8;;;;;26;;;;3;;
7709213;67;;;;67;;;;;77;;;;3;74;;67;1;8;1;;49;3;16;9;;7;7;10;53;;;54;7;16;;34;1;20;22;;1;;;76;;7;;;70;;;;;77;;;;;77;;;;;77;;;;;10;
7709214;52;;;7;45;;;;6;65;;;1;2;68;;;;6;65;;67;3;1;;;50;6;14;1;;1;9;11;50;;;;;71;;;;;71;;;3;10;58;;18;;1;52;;;;;71;;67;;;4;;;4;4;11;
7709215;26;;;;26;;;;1;30;;20;5;4;2;;31;;;;;2;5;11;13;;;;;31;;;;;31;;;4;4;23;;;1;;30;;3;;;28;;;;3;28;;;;1;30;;;1;;30;;;;;5;
7709216;35;;;1;34;;;2;3;45;;;6;10;34;;;1;10;39;;10;14;13;13;;;1;10;39;;5;;;45;;45;;4;1;;50;;;;;;;1;49;;;;5;45;;20;7;;23;;;;;50;;;1;;14;
7709217;23;;1;;22;;;1;;30;;2;;;29;;22;;;9;;3;2;5;21;;1;;;30;;1;30;;;;2;;;29;;;2;12;17;;1;;;30;;1;;;30;;;1;;30;;29;;;2;;;;;8;
7709218;49;;;;49;;;;;61;;;;3;58;;52;;;9;;;54;2;5;;;5;10;46;;37;4;2;18;;;;2;59;;;;6;55;;;;2;59;;;;;61;;5;;;56;;1;;;60;;;;;12;
7709219;55;;;;55;;;;;76;;;;;76;;61;6;1;8;;67;;3;6;;;2;2;72;;;;4;72;;;2;;74;;2;;3;71;;;;6;70;;1;1;3;71;;;;2;74;;5;;;71;;;3;1;17;
7709220;22;;;;22;;;;1;29;;3;7;5;15;;;1;;29;;;;7;23;;;4;6;20;;;;;30;;1;1;;28;;;;9;21;;;11;11;8;;26;2;1;1;;27;;;3;;10;;;20;;;;;8;
7709221;24;;;;24;;3;;;34;;;4;12;21;;27;8;1;1;;27;2;2;6;;;31;6;;;1;4;1;31;;;;;37;;;;1;36;;1;;;36;;;;5;32;;;;;37;;;;1;36;;;;;13;
7709222;35;;;3;32;;;1;6;55;;;2;4;56;;56;1;2;3;;8;27;10;17;;;;;62;;;16;10;36;;;;;62;;;;7;55;;;;;62;;10;;;52;;;;;62;;49;;2;11;;;2;8;17;
7709223;52;;;;52;;;;;61;;44;1;;16;;;;1;60;;;;1;60;;;;;61;;;;;61;;49;;;12;;;;1;60;;1;;;60;;15;;;46;;;;;61;;;;;61;;;;;9;
7709224;84;1;;;83;;;;;95;;;;;95;;;;1;94;;76;18;;1;;;4;7;84;;;;;95;;3;;;92;;85;;4;6;;;;1;94;;1;;;94;;4;1;2;88;;1;;1;93;;;;;11;
7709225;69;;2;2;65;;;;10;77;;;;10;77;;;8;8;71;;68;12;;7;;68;;9;10;;;3;3;81;;;3;4;80;;1;18;12;56;;;;;87;;;;;87;;;;;87;;1;;;86;;;2;1;15;
7709226;33;;4;;29;;;;4;62;;7;;;59;;21;2;12;31;;1;1;1;63;;;;;66;;;;;66;;;;;66;;;;;66;;;;;66;;;;6;60;;;;;66;;;;;66;;;2;3;28;
7709227;37;;;;37;;;;3;51;;36;1;;17;;39;3;1;11;;2;4;14;34;;;;2;52;;;4;2;48;;;;1;53;;;;1;53;;3;1;1;49;;2;5;1;46;;;;;54;;;;1;53;;;;;17;
7709228;92;;5;5;82;;;;6;125;;;9;8;114;;88;17;1;25;;78;9;27;17;;;2;4;125;;;1;3;127;;;2;1;128;;5;;1;125;;;9;24;98;;;;;131;;8;1;;122;;;;4;127;;;5;;34;
7709229;104;;8;;96;;;;4;126;;;;;130;;1;23;39;67;;10;92;6;22;;69;11;7;43;;;2;6;122;;7;;1;122;;;12;25;93;;126;4;;;;;;1;129;;;;;130;;1;;;129;;;2;;24;
7709230;20;;;;20;;;;;38;;;;3;35;;;;;38;;16;;7;15;;;6;8;24;;;;;38;;1;;;37;;;5;;33;;1;2;;35;;24;5;7;2;;;;;38;;;;;38;;;;;18;
7709231;45;;;;45;;;;1;55;;;1;;55;;45;9;;2;;43;2;2;9;;1;;1;54;;1;;;55;;;30;12;14;;17;;3;36;;1;1;23;31;;1;;;55;;3;1;1;51;;21;;;35;;;2;6;3;
7709232;87;;;;87;;;1;18;92;;;;;111;;80;6;2;23;;15;62;2;32;;;41;12;58;;5;;;106;;;2;20;89;;;;;111;;7;;;104;;1;;;110;;;;;111;;;;3;108;;;;;24;
7709233;153;;;;153;;1;;4;189;;;;;194;;181;10;2;1;;194;;;;;;1;1;192;;5;101;56;32;;89;9;2;94;;;;;194;;18;13;11;152;;24;7;;163;;;;;194;;;;;194;;;;19;22;
7709234;31;1;;;30;;;1;3;51;;1;;18;36;;;;;55;;48;4;;3;;48;;;7;;;1;7;47;;;;16;39;;;1;;54;;2;;;53;;;1;5;49;;;;1;54;;;1;;54;;;;;24;
